athlete_id,athlete_uid,athlete_guid,athlete_type,sdr,first_name,last_name,full_name,display_name,short_name,height,display_height,birth_place_city,birth_place_state,birth_place_country,birth_country_alternate_id,birth_country_abbreviation,slug,headshot_href,headshot_alt,jersey,flag_href,flag_alt,flag_x_country_flag,position_id,position_name,position_display_name,position_abbreviation,position_leaf,linked,experience_years,experience_display_value,experience_abbreviation,active,status_id,status_name,status_type,status_abbreviation,defensive_blocks,defensive_defensive_rebounds,defensive_steals,defensive_turnover_points,defensive_avg_defensive_rebounds,defensive_avg_blocks,defensive_avg_steals,general_disqualifications,general_flagrant_fouls,general_fouls,general_per,general_ejections,general_technical_fouls,general_rebounds,general_minutes,general_avg_minutes,general_fantasy_rating,general_plus_minus,general_avg_rebounds,general_avg_fouls,general_avg_flagrant_fouls,general_avg_technical_fouls,general_avg_ejections,general_avg_disqualifications,general_assist_turnover_ratio,general_steal_foul_ratio,general_block_foul_ratio,general_avg_team_rebounds,general_total_rebounds,general_total_technical_fouls,general_steal_turnover_ratio,general_games_played,general_games_started,general_double_double,general_triple_double,offensive_assists,offensive_field_goals,offensive_field_goals_attempted,offensive_field_goals_made,offensive_field_goal_pct,offensive_free_throws,offensive_free_throw_pct,offensive_free_throws_attempted,offensive_free_throws_made,offensive_offensive_rebounds,offensive_points,offensive_turnovers,offensive_three_point_field_goals_attempted,offensive_three_point_field_goals_made,offensive_total_turnovers,offensive_points_in_paint,offensive_second_chance_points,offensive_fast_break_points,offensive_avg_field_goals_made,offensive_avg_field_goals_attempted,offensive_avg_three_point_field_goals_made,offensive_avg_three_point_field_goals_attempted,offensive_avg_free_throws_made,offensive_avg_free_throws_attempted,offensive_avg_points,offensive_avg_offensive_rebounds,offensive_avg_assists,offensive_avg_turnovers,offensive_offensive_rebound_pct,offensive_estimated_possessions,offensive_avg_estimated_possessions,offensive_points_per_estimated_possessions,offensive_avg_team_turnovers,offensive_avg_total_turnovers,offensive_three_point_field_goal_pct,offensive_two_point_field_goals_made,offensive_two_point_field_goals_attempted,offensive_avg_two_point_field_goals_made,offensive_avg_two_point_field_goals_attempted,offensive_two_point_field_goal_pct,offensive_shooting_efficiency,offensive_scoring_efficiency,team_x_ref_3,team_id,team_guid,team_uid,team_sdr,team_slug,team_location,team_name,team_nickname,team_abbreviation,team_display_name,team_short_display_name,team_color,team_alternate_color,team_is_active,is_all_star,logo_href,logo_dark_href,logos_href_2,logos_width_2,logos_height_2,logos_alt_2,logos_rel_full_2,logos_rel_primary_logo_on_white_color,logos_last_updated_2,logos_href_3,logos_width_3,logos_height_3,logos_alt_3,logos_rel_full_3,logos_rel_primary_logo_on_black_color,logos_last_updated_3,logos_href_4,logos_width_4,logos_height_4,logos_alt_4,logos_rel_full_4,logos_rel_primary_logo_on_primary_color,logos_last_updated_4,logos_href_5,logos_width_5,logos_height_5,logos_alt_5,logos_rel_full_5,logos_rel_primary_logo_on_secondary_color,logos_last_updated_5,logos_href_6,logos_width_6,logos_height_6,logos_alt_6,logos_rel_full_6,logos_rel_primary_logo_black,logos_last_updated_6,logos_href_7,logos_width_7,logos_height_7,logos_alt_7,logos_rel_full_7,logos_rel_primary_logo_white,logos_last_updated_7,logos_href_8,logos_width_8,logos_height_8,logos_alt_8,logos_rel_full_8,logos_rel_secondary_logo_on_white_color,logos_last_updated_8,logos_href_9,logos_width_9,logos_height_9,logos_alt_9,logos_rel_full_9,logos_rel_secondary_logo_on_black_color,logos_last_updated_9,logos_href_10,logos_width_10,logos_height_10,logos_alt_10,logos_rel_full_10,logos_rel_secondary_logo_on_primary_color,logos_last_updated_10,logos_href_11,logos_width_11,logos_height_11,logos_alt_11,logos_rel_full_11,logos_rel_secondary_logo_on_secondary_color,logos_last_updated_11,logos_href_12,logos_width_12,logos_height_12,logos_alt_12,logos_rel_full_12,logos_rel_secondary_logo_black,logos_last_updated_12,logos_href_13,logos_width_13,logos_height_13,logos_alt_13,logos_rel_full_13,logos_rel_secondary_logo_white,logos_last_updated_13,x_ref_2,hand_type,hand_abbreviation,hand_display_value,position_x_ref_1,team_x_ref_2,team_is_all_star,x_ref_6,age,date_of_birth,citizenship,weight,display_weight
5311613,s:40~l:54~a:5311613,681c0436-5ab7-3487-815b-06286178dbe8,basketball,5311613,Divine,Bourrage,Divine Bourrage,Divine Bourrage,D. Bourrage,71.0,"5' 11""",Davenport,IA,USA,1,USA,divine-bourrage,https://a.espncdn.com/i/headshots/womens-college-basketball/players/full/5311613.png,Divine Bourrage,6.0,https://a.espncdn.com/i/teamlogos/countries/500/usa.png,USA,country-flag,3,Guard,Guard,G,True,True,1,Freshman,FR,True,1,Active,active,Active,0,14,8,0,1.75,0.0,1.0,0,0,7,-1,0,0,21,97,12.125,0,-1,2.625,0.875,0.0,0.0,0.0,0.0,0.8888889,1.1428572,0.0,0,21,0,0.8888889,8,0,0,0,8,0.380952,21,8,38.0952388048172,0.625,62.5,8,5,7,24,9,7,3,9,-1,0,0,1.0,2.625,0.375,0.875,0.625,1.0,3.0,0.875,1.0,1.125,0.53846157,26.2,3.275,0.9160305,0,1.125,42.8571432828903,5,14,0.625,1.75,35.7142865657806,0.45238096,1.1428572,http://sports.core.api.espn.com/v2/sports/basketball/leagues/womens-college-basketball/seasons/2026/teams/99?lang=en&region=us,99,ac200a77-5d39-7ad9-fee8-1d683819d6cf,s:40~l:54~t:99,6469,lsu-tigers,LSU,Tigers,LSU,LSU,LSU Tigers,LSU,461d76,fdd023,True,False,https://a.espncdn.com/i/teamlogos/ncaa/500/99.png,https://a.espncdn.com/i/teamlogos/ncaa/500-dark/99.png,https://a.espncdn.com/guid/ac200a77-5d39-7ad9-fee8-1d683819d6cf/logos/primary_logo_on_white_color.png,4096.0,4096.0,,full,primary_logo_on_white_color,2026-02-13T18:42Z,https://a.espncdn.com/guid/ac200a77-5d39-7ad9-fee8-1d683819d6cf/logos/primary_logo_on_black_color.png,4096.0,4096.0,,full,primary_logo_on_black_color,2026-02-13T18:42Z,https://a.espncdn.com/guid/ac200a77-5d39-7ad9-fee8-1d683819d6cf/logos/primary_logo_on_primary_color.png,4096.0,4096.0,,full,primary_logo_on_primary_color,2026-02-13T18:42Z,https://a.espncdn.com/guid/ac200a77-5d39-7ad9-fee8-1d683819d6cf/logos/primary_logo_on_secondary_color.png,4096.0,4096.0,,full,primary_logo_on_secondary_color,2026-02-13T18:42Z,https://a.espncdn.com/guid/ac200a77-5d39-7ad9-fee8-1d683819d6cf/logos/primary_logo_black.png,4096.0,4096.0,,full,primary_logo_black,2026-02-13T18:42Z,https://a.espncdn.com/guid/ac200a77-5d39-7ad9-fee8-1d683819d6cf/logos/primary_logo_white.png,4096.0,4096.0,,full,primary_logo_white,2026-02-13T18:42Z,https://a.espncdn.com/guid/ac200a77-5d39-7ad9-fee8-1d683819d6cf/logos/secondary_logo_on_white_color.png,4096.0,4096.0,,full,secondary_logo_on_white_color,2026-02-13T18:42Z,https://a.espncdn.com/guid/ac200a77-5d39-7ad9-fee8-1d683819d6cf/logos/secondary_logo_on_black_color.png,4096.0,4096.0,,full,secondary_logo_on_black_color,2026-02-13T18:42Z,https://a.espncdn.com/guid/ac200a77-5d39-7ad9-fee8-1d683819d6cf/logos/secondary_logo_on_primary_color.png,4096.0,4096.0,,full,secondary_logo_on_primary_color,2026-02-13T18:42Z,https://a.espncdn.com/guid/ac200a77-5d39-7ad9-fee8-1d683819d6cf/logos/secondary_logo_on_secondary_color.png,4096.0,4096.0,,full,secondary_logo_on_secondary_color,2026-02-13T18:42Z,https://a.espncdn.com/guid/ac200a77-5d39-7ad9-fee8-1d683819d6cf/logos/secondary_logo_black.png,4096.0,4096.0,,full,secondary_logo_black,2026-02-13T18:42Z,https://a.espncdn.com/guid/ac200a77-5d39-7ad9-fee8-1d683819d6cf/logos/secondary_logo_white.png,4096.0,4096.0,,full,secondary_logo_white,2026-02-13T18:42Z,http://sports.core.api.espn.com/v2/sports/basketball/leagues/womens-college-basketball/seasons/2026/teams/99/coaches?lang=en&region=us,,,,,,,,,,,,
5175490,s:40~l:54~a:5175490,19f748e0-8561-30ba-8a9b-7b9ef73cfd9d,basketball,5175490,Addy,Brown,Addy Brown,Addy Brown,A. Brown,74.0,"6' 2""",Derby,KS,USA,1,USA,addy-brown,https://a.espncdn.com/i/headshots/womens-college-basketball/players/full/5175490.png,Addy Brown,24.0,https://a.espncdn.com/i/teamlogos/countries/500/usa.png,USA,country-flag,2,Forward,Forward,F,True,True,3,Junior,JR,True,1,Active,active,Active,11,69,4,0,7.6666665,1.2222222,0.44444445,0,0,11,-1,0,0,82,250,27.777779,0,-1,9.111111,1.2222222,0.0,0.0,0.0,0.0,3.3333333,0.36363637,1.0,0,82,0,0.26666668,9,9,3,1,50,0.5375,80,43,53.7500023841858,0.818182,81.8181812763214,22,18,13,116,15,26,12,15,-1,0,0,4.7777777,8.888889,1.3333334,2.8888888,2.0,2.4444444,12.888889,1.4444444,5.5555553,1.6666666,0.35135135,90.8,10.088889,1.277533,0,1.66666662693024,46.1538463830948,31,54,3.4444444,6.0,57.407408952713,0.6125,1.45,http://sports.core.api.espn.com/v2/sports/basketball/leagues/womens-college-basketball/seasons/2026/teams/66?lang=en&region=us,66,eb44e2d5-8ec6-a4ff-87e6-0d0e65bb113e,s:40~l:54~t:66,6248,iowa-state-cyclones,Iowa State,Cyclones,Iowa State,ISU,Iowa State Cyclones,Iowa State,ae192d,ffc72a,True,False,https://a.espncdn.com/i/teamlogos/ncaa/500/66.png,https://a.espncdn.com/i/teamlogos/ncaa/500-dark/66.png,https://a.espncdn.com/guid/eb44e2d5-8ec6-a4ff-87e6-0d0e65bb113e/logos/primary_logo_on_white_color.png,4096.0,4096.0,,full,primary_logo_on_white_color,2026-02-13T18:41Z,https://a.espncdn.com/guid/eb44e2d5-8ec6-a4ff-87e6-0d0e65bb113e/logos/primary_logo_on_black_color.png,4096.0,4096.0,,full,primary_logo_on_black_color,2026-02-13T18:41Z,https://a.espncdn.com/guid/eb44e2d5-8ec6-a4ff-87e6-0d0e65bb113e/logos/primary_logo_on_primary_color.png,4096.0,4096.0,,full,primary_logo_on_primary_color,2026-02-13T18:41Z,https://a.espncdn.com/guid/eb44e2d5-8ec6-a4ff-87e6-0d0e65bb113e/logos/primary_logo_on_secondary_color.png,4096.0,4096.0,,full,primary_logo_on_secondary_color,2026-02-13T18:41Z,https://a.espncdn.com/guid/eb44e2d5-8ec6-a4ff-87e6-0d0e65bb113e/logos/primary_logo_black.png,4096.0,4096.0,,full,primary_logo_black,2026-02-13T18:41Z,https://a.espncdn.com/guid/eb44e2d5-8ec6-a4ff-87e6-0d0e65bb113e/logos/primary_logo_white.png,4096.0,4096.0,,full,primary_logo_white,2026-02-13T18:41Z,https://a.espncdn.com/guid/eb44e2d5-8ec6-a4ff-87e6-0d0e65bb113e/logos/secondary_logo_on_white_color.png,4096.0,4096.0,,full,secondary_logo_on_white_color,2026-02-13T18:41Z,https://a.espncdn.com/guid/eb44e2d5-8ec6-a4ff-87e6-0d0e65bb113e/logos/secondary_logo_on_black_color.png,4096.0,4096.0,,full,secondary_logo_on_black_color,2026-02-13T18:41Z,https://a.espncdn.com/guid/eb44e2d5-8ec6-a4ff-87e6-0d0e65bb113e/logos/secondary_logo_on_primary_color.png,4096.0,4096.0,,full,secondary_logo_on_primary_color,2026-02-13T18:41Z,https://a.espncdn.com/guid/eb44e2d5-8ec6-a4ff-87e6-0d0e65bb113e/logos/secondary_logo_on_secondary_color.png,4096.0,4096.0,,full,secondary_logo_on_secondary_color,2026-02-13T18:41Z,https://a.espncdn.com/guid/eb44e2d5-8ec6-a4ff-87e6-0d0e65bb113e/logos/secondary_logo_black.png,4096.0,4096.0,,full,secondary_logo_black,2026-02-13T18:41Z,https://a.espncdn.com/guid/eb44e2d5-8ec6-a4ff-87e6-0d0e65bb113e/logos/secondary_logo_white.png,4096.0,4096.0,,full,secondary_logo_white,2026-02-13T18:41Z,http://sports.core.api.espn.com/v2/sports/basketball/leagues/womens-college-basketball/seasons/2026/teams/66/coaches?lang=en&region=us,,,,,,,,,,,,
5175491,s:40~l:54~a:5175491,c557fd3b-e76a-3669-8eec-2d50f4c0bda3,basketball,5175491,Audi,Crooks,Audi Crooks,Audi Crooks,A. Crooks,75.0,"6' 3""",Algona,IA,USA,1,USA,audi-crooks,https://a.espncdn.com/i/headshots/womens-college-basketball/players/full/5175491.png,Audi Crooks,55.0,https://a.espncdn.com/i/teamlogos/countries/500/usa.png,USA,country-flag,1,Center,Center,C,True,True,3,Junior,JR,True,1,Active,active,Active,9,36,4,0,4.0,1.0,0.44444445,0,1,13,-1,0,0,53,228,25.333334,0,-1,5.888889,1.4444444,0.11111111,0.0,0.0,0.0,1.117647,0.30769232,0.6923077,0,53,0,0.23529412,9,9,2,0,19,0.744186,129,96,74.4186043739319,0.72973,72.972971200943,74,54,17,246,17,1,0,17,-1,0,0,10.666667,14.333333,0.0,0.11111111,6.0,8.222222,27.333334,1.8888888,2.1111112,1.8888888,0.5151515,158.6,17.622223,1.5510718,0,1.88888883590698,0.0,96,128,10.666667,14.222222,75.0,0.74418604,1.9069767,http://sports.core.api.espn.com/v2/sports/basketball/leagues/womens-college-basketball/seasons/2026/teams/66?lang=en&region=us,66,eb44e2d5-8ec6-a4ff-87e6-0d0e65bb113e,s:40~l:54~t:66,6248,iowa-state-cyclones,Iowa State,Cyclones,Iowa State,ISU,Iowa State Cyclones,Iowa State,ae192d,ffc72a,True,False,https://a.espncdn.com/i/teamlogos/ncaa/500/66.png,https://a.espncdn.com/i/teamlogos/ncaa/500-dark/66.png,https://a.espncdn.com/guid/eb44e2d5-8ec6-a4ff-87e6-0d0e65bb113e/logos/primary_logo_on_white_color.png,4096.0,4096.0,,full,primary_logo_on_white_color,2026-02-13T18:41Z,https://a.espncdn.com/guid/eb44e2d5-8ec6-a4ff-87e6-0d0e65bb113e/logos/primary_logo_on_black_color.png,4096.0,4096.0,,full,primary_logo_on_black_color,2026-02-13T18:41Z,https://a.espncdn.com/guid/eb44e2d5-8ec6-a4ff-87e6-0d0e65bb113e/logos/primary_logo_on_primary_color.png,4096.0,4096.0,,full,primary_logo_on_primary_color,2026-02-13T18:41Z,https://a.espncdn.com/guid/eb44e2d5-8ec6-a4ff-87e6-0d0e65bb113e/logos/primary_logo_on_secondary_color.png,4096.0,4096.0,,full,primary_logo_on_secondary_color,2026-02-13T18:41Z,https://a.espncdn.com/guid/eb44e2d5-8ec6-a4ff-87e6-0d0e65bb113e/logos/primary_logo_black.png,4096.0,4096.0,,full,primary_logo_black,2026-02-13T18:41Z,https://a.espncdn.com/guid/eb44e2d5-8ec6-a4ff-87e6-0d0e65bb113e/logos/primary_logo_white.png,4096.0,4096.0,,full,primary_logo_white,2026-02-13T18:41Z,https://a.espncdn.com/guid/eb44e2d5-8ec6-a4ff-87e6-0d0e65bb113e/logos/secondary_logo_on_white_color.png,4096.0,4096.0,,full,secondary_logo_on_white_color,2026-02-13T18:41Z,https://a.espncdn.com/guid/eb44e2d5-8ec6-a4ff-87e6-0d0e65bb113e/logos/secondary_logo_on_black_color.png,4096.0,4096.0,,full,secondary_logo_on_black_color,2026-02-13T18:41Z,https://a.espncdn.com/guid/eb44e2d5-8ec6-a4ff-87e6-0d0e65bb113e/logos/secondary_logo_on_primary_color.png,4096.0,4096.0,,full,secondary_logo_on_primary_color,2026-02-13T18:41Z,https://a.espncdn.com/guid/eb44e2d5-8ec6-a4ff-87e6-0d0e65bb113e/logos/secondary_logo_on_secondary_color.png,4096.0,4096.0,,full,secondary_logo_on_secondary_color,2026-02-13T18:41Z,https://a.espncdn.com/guid/eb44e2d5-8ec6-a4ff-87e6-0d0e65bb113e/logos/secondary_logo_black.png,4096.0,4096.0,,full,secondary_logo_black,2026-02-13T18:41Z,https://a.espncdn.com/guid/eb44e2d5-8ec6-a4ff-87e6-0d0e65bb113e/logos/secondary_logo_white.png,4096.0,4096.0,,full,secondary_logo_white,2026-02-13T18:41Z,http://sports.core.api.espn.com/v2/sports/basketball/leagues/womens-college-basketball/seasons/2026/teams/66/coaches?lang=en&region=us,,,,,,,,,,,,
5175867,s:40~l:54~a:5175867,dae60459-5f46-3f81-9434-6483cb41683e,basketball,5175867,Jada,Williams,Jada Williams,Jada Williams,J. Williams,68.0,"5' 8""",Kansas City,MO,USA,1,USA,jada-williams,https://a.espncdn.com/i/headshots/womens-college-basketball/players/full/5175867.png,Jada Williams,8.0,https://a.espncdn.com/i/teamlogos/countries/500/usa.png,USA,country-flag,3,Guard,Guard,G,True,True,3,Junior,JR,True,1,Active,active,Active,0,31,10,0,3.4444444,0.0,1.1111112,0,0,23,-1,0,0,34,213,23.666666,0,-1,3.7777777,2.5555556,0.0,0.0,0.0,0.0,2.5416667,0.4347826,0.0,0,34,0,0.41666666,9,9,3,0,61,0.432099,81,35,43.2098776102066,0.96,95.9999978542328,25,24,3,101,24,29,7,24,-1,0,0,3.8888888,9.0,0.7777778,3.2222223,2.6666667,2.7777777,11.222222,0.33333334,6.7777777,2.6666667,0.06521739,112.0,12.444445,0.90178573,0,2.66666674613953,24.1379305720329,28,52,3.1111112,5.7777777,53.8461565971375,0.47530866,1.2469136,http://sports.core.api.espn.com/v2/sports/basketball/leagues/womens-college-basketball/seasons/2026/teams/66?lang=en&region=us,66,eb44e2d5-8ec6-a4ff-87e6-0d0e65bb113e,s:40~l:54~t:66,6248,iowa-state-cyclones,Iowa State,Cyclones,Iowa State,ISU,Iowa State Cyclones,Iowa State,ae192d,ffc72a,True,False,https://a.espncdn.com/i/teamlogos/ncaa/500/66.png,https://a.espncdn.com/i/teamlogos/ncaa/500-dark/66.png,https://a.espncdn.com/guid/eb44e2d5-8ec6-a4ff-87e6-0d0e65bb113e/logos/primary_logo_on_white_color.png,4096.0,4096.0,,full,primary_logo_on_white_color,2026-02-13T18:41Z,https://a.espncdn.com/guid/eb44e2d5-8ec6-a4ff-87e6-0d0e65bb113e/logos/primary_logo_on_black_color.png,4096.0,4096.0,,full,primary_logo_on_black_color,2026-02-13T18:41Z,https://a.espncdn.com/guid/eb44e2d5-8ec6-a4ff-87e6-0d0e65bb113e/logos/primary_logo_on_primary_color.png,4096.0,4096.0,,full,primary_logo_on_primary_color,2026-02-13T18:41Z,https://a.espncdn.com/guid/eb44e2d5-8ec6-a4ff-87e6-0d0e65bb113e/logos/primary_logo_on_secondary_color.png,4096.0,4096.0,,full,primary_logo_on_secondary_color,2026-02-13T18:41Z,https://a.espncdn.com/guid/eb44e2d5-8ec6-a4ff-87e6-0d0e65bb113e/logos/primary_logo_black.png,4096.0,4096.0,,full,primary_logo_black,2026-02-13T18:41Z,https://a.espncdn.com/guid/eb44e2d5-8ec6-a4ff-87e6-0d0e65bb113e/logos/primary_logo_white.png,4096.0,4096.0,,full,primary_logo_white,2026-02-13T18:41Z,https://a.espncdn.com/guid/eb44e2d5-8ec6-a4ff-87e6-0d0e65bb113e/logos/secondary_logo_on_white_color.png,4096.0,4096.0,,full,secondary_logo_on_white_color,2026-02-13T18:41Z,https://a.espncdn.com/guid/eb44e2d5-8ec6-a4ff-87e6-0d0e65bb113e/logos/secondary_logo_on_black_color.png,4096.0,4096.0,,full,secondary_logo_on_black_color,2026-02-13T18:41Z,https://a.espncdn.com/guid/eb44e2d5-8ec6-a4ff-87e6-0d0e65bb113e/logos/secondary_logo_on_primary_color.png,4096.0,4096.0,,full,secondary_logo_on_primary_color,2026-02-13T18:41Z,https://a.espncdn.com/guid/eb44e2d5-8ec6-a4ff-87e6-0d0e65bb113e/logos/secondary_logo_on_secondary_color.png,4096.0,4096.0,,full,secondary_logo_on_secondary_color,2026-02-13T18:41Z,https://a.espncdn.com/guid/eb44e2d5-8ec6-a4ff-87e6-0d0e65bb113e/logos/secondary_logo_black.png,4096.0,4096.0,,full,secondary_logo_black,2026-02-13T18:41Z,https://a.espncdn.com/guid/eb44e2d5-8ec6-a4ff-87e6-0d0e65bb113e/logos/secondary_logo_white.png,4096.0,4096.0,,full,secondary_logo_white,2026-02-13T18:41Z,http://sports.core.api.espn.com/v2/sports/basketball/leagues/womens-college-basketball/seasons/2026/teams/66/coaches?lang=en&region=us,,,,,,,,,,,,
5105443,s:40~l:54~a:5105443,010f7980-aef1-3a1d-8e45-84e6f67cdd0e,basketball,5105443,Alisa,Williams,Alisa Williams,Alisa Williams,A. Williams,74.0,"6' 2""",Denton,TX,USA,1,USA,alisa-williams,https://a.espncdn.com/i/headshots/womens-college-basketball/players/full/5105443.png,Alisa Williams,3.0,https://a.espncdn.com/i/teamlogos/countries/500/usa.png,USA,country-flag,2,Forward,Forward,F,True,True,3,Junior,JR,True,1,Active,active,Active,1,17,7,0,1.8888888,0.11111111,0.7777778,0,0,8,-1,0,0,34,108,12.0,0,-1,3.7777777,0.8888889,0.0,0.0,0.0,0.0,0.5,0.875,0.125,0,34,0,1.75,9,0,1,0,2,0.62963,27,17,62.9629611968994,0.9375,93.75,16,15,17,49,4,2,0,4,-1,0,0,1.8888888,3.0,0.0,0.22222222,1.6666666,1.7777778,5.4444447,1.8888888,0.22222222,0.44444445,1.7,20.4,2.2666667,2.4019608,0,0.444444447755814,0.0,17,25,1.8888888,2.7777777,68.0000007152557,0.6296296,1.8148148,http://sports.core.api.espn.com/v2/sports/basketball/leagues/womens-college-basketball/seasons/2026/teams/66?lang=en&region=us,66,eb44e2d5-8ec6-a4ff-87e6-0d0e65bb113e,s:40~l:54~t:66,6248,iowa-state-cyclones,Iowa State,Cyclones,Iowa State,ISU,Iowa State Cyclones,Iowa State,ae192d,ffc72a,True,False,https://a.espncdn.com/i/teamlogos/ncaa/500/66.png,https://a.espncdn.com/i/teamlogos/ncaa/500-dark/66.png,https://a.espncdn.com/guid/eb44e2d5-8ec6-a4ff-87e6-0d0e65bb113e/logos/primary_logo_on_white_color.png,4096.0,4096.0,,full,primary_logo_on_white_color,2026-02-13T18:41Z,https://a.espncdn.com/guid/eb44e2d5-8ec6-a4ff-87e6-0d0e65bb113e/logos/primary_logo_on_black_color.png,4096.0,4096.0,,full,primary_logo_on_black_color,2026-02-13T18:41Z,https://a.espncdn.com/guid/eb44e2d5-8ec6-a4ff-87e6-0d0e65bb113e/logos/primary_logo_on_primary_color.png,4096.0,4096.0,,full,primary_logo_on_primary_color,2026-02-13T18:41Z,https://a.espncdn.com/guid/eb44e2d5-8ec6-a4ff-87e6-0d0e65bb113e/logos/primary_logo_on_secondary_color.png,4096.0,4096.0,,full,primary_logo_on_secondary_color,2026-02-13T18:41Z,https://a.espncdn.com/guid/eb44e2d5-8ec6-a4ff-87e6-0d0e65bb113e/logos/primary_logo_black.png,4096.0,4096.0,,full,primary_logo_black,2026-02-13T18:41Z,https://a.espncdn.com/guid/eb44e2d5-8ec6-a4ff-87e6-0d0e65bb113e/logos/primary_logo_white.png,4096.0,4096.0,,full,primary_logo_white,2026-02-13T18:41Z,https://a.espncdn.com/guid/eb44e2d5-8ec6-a4ff-87e6-0d0e65bb113e/logos/secondary_logo_on_white_color.png,4096.0,4096.0,,full,secondary_logo_on_white_color,2026-02-13T18:41Z,https://a.espncdn.com/guid/eb44e2d5-8ec6-a4ff-87e6-0d0e65bb113e/logos/secondary_logo_on_black_color.png,4096.0,4096.0,,full,secondary_logo_on_black_color,2026-02-13T18:41Z,https://a.espncdn.com/guid/eb44e2d5-8ec6-a4ff-87e6-0d0e65bb113e/logos/secondary_logo_on_primary_color.png,4096.0,4096.0,,full,secondary_logo_on_primary_color,2026-02-13T18:41Z,https://a.espncdn.com/guid/eb44e2d5-8ec6-a4ff-87e6-0d0e65bb113e/logos/secondary_logo_on_secondary_color.png,4096.0,4096.0,,full,secondary_logo_on_secondary_color,2026-02-13T18:41Z,https://a.espncdn.com/guid/eb44e2d5-8ec6-a4ff-87e6-0d0e65bb113e/logos/secondary_logo_black.png,4096.0,4096.0,,full,secondary_logo_black,2026-02-13T18:41Z,https://a.espncdn.com/guid/eb44e2d5-8ec6-a4ff-87e6-0d0e65bb113e/logos/secondary_logo_white.png,4096.0,4096.0,,full,secondary_logo_white,2026-02-13T18:41Z,http://sports.core.api.espn.com/v2/sports/basketball/leagues/womens-college-basketball/seasons/2026/teams/66/coaches?lang=en&region=us,BOTH,B,Both,,,,,,,,,
5314955,s:40~l:54~a:5314955,19427bba-c297-3c75-8113-63b46702361e,basketball,5314955,Reese,Beaty,Reese Beaty,Reese Beaty,R. Beaty,68.0,"5' 8""",Jamestown,TN,USA,1,USA,reese-beaty,https://a.espncdn.com/i/headshots/womens-college-basketball/players/full/5314955.png,Reese Beaty,1.0,https://a.espncdn.com/i/teamlogos/countries/500/usa.png,USA,country-flag,3,Guard,Guard,G,True,True,1,Freshman,FR,True,1,Active,active,Active,2,12,13,0,1.3333334,0.22222222,1.4444444,0,0,17,-1,0,0,21,162,18.0,0,-1,2.3333333,1.8888888,0.0,0.0,0.0,0.0,2.357143,0.7647059,0.11764706,0,21,0,0.9285714,9,0,0,0,33,0.485714,35,17,48.5714286565781,0.818182,81.8181812763214,22,18,9,53,14,5,1,14,-1,0,0,1.8888888,3.8888888,0.11111111,0.5555556,2.0,2.4444444,5.888889,1.0,3.6666667,1.5555556,0.5,48.8,5.422222,1.0860656,0,1.55555558204651,20.0000002980232,16,30,1.7777778,3.3333333,53.3333361148834,0.5,1.5142857,http://sports.core.api.espn.com/v2/sports/basketball/leagues/womens-college-basketball/seasons/2026/teams/66?lang=en&region=us,66,eb44e2d5-8ec6-a4ff-87e6-0d0e65bb113e,s:40~l:54~t:66,6248,iowa-state-cyclones,Iowa State,Cyclones,Iowa State,ISU,Iowa State Cyclones,Iowa State,ae192d,ffc72a,True,False,https://a.espncdn.com/i/teamlogos/ncaa/500/66.png,https://a.espncdn.com/i/teamlogos/ncaa/500-dark/66.png,https://a.espncdn.com/guid/eb44e2d5-8ec6-a4ff-87e6-0d0e65bb113e/logos/primary_logo_on_white_color.png,4096.0,4096.0,,full,primary_logo_on_white_color,2026-02-13T18:41Z,https://a.espncdn.com/guid/eb44e2d5-8ec6-a4ff-87e6-0d0e65bb113e/logos/primary_logo_on_black_color.png,4096.0,4096.0,,full,primary_logo_on_black_color,2026-02-13T18:41Z,https://a.espncdn.com/guid/eb44e2d5-8ec6-a4ff-87e6-0d0e65bb113e/logos/primary_logo_on_primary_color.png,4096.0,4096.0,,full,primary_logo_on_primary_color,2026-02-13T18:41Z,https://a.espncdn.com/guid/eb44e2d5-8ec6-a4ff-87e6-0d0e65bb113e/logos/primary_logo_on_secondary_color.png,4096.0,4096.0,,full,primary_logo_on_secondary_color,2026-02-13T18:41Z,https://a.espncdn.com/guid/eb44e2d5-8ec6-a4ff-87e6-0d0e65bb113e/logos/primary_logo_black.png,4096.0,4096.0,,full,primary_logo_black,2026-02-13T18:41Z,https://a.espncdn.com/guid/eb44e2d5-8ec6-a4ff-87e6-0d0e65bb113e/logos/primary_logo_white.png,4096.0,4096.0,,full,primary_logo_white,2026-02-13T18:41Z,https://a.espncdn.com/guid/eb44e2d5-8ec6-a4ff-87e6-0d0e65bb113e/logos/secondary_logo_on_white_color.png,4096.0,4096.0,,full,secondary_logo_on_white_color,2026-02-13T18:41Z,https://a.espncdn.com/guid/eb44e2d5-8ec6-a4ff-87e6-0d0e65bb113e/logos/secondary_logo_on_black_color.png,4096.0,4096.0,,full,secondary_logo_on_black_color,2026-02-13T18:41Z,https://a.espncdn.com/guid/eb44e2d5-8ec6-a4ff-87e6-0d0e65bb113e/logos/secondary_logo_on_primary_color.png,4096.0,4096.0,,full,secondary_logo_on_primary_color,2026-02-13T18:41Z,https://a.espncdn.com/guid/eb44e2d5-8ec6-a4ff-87e6-0d0e65bb113e/logos/secondary_logo_on_secondary_color.png,4096.0,4096.0,,full,secondary_logo_on_secondary_color,2026-02-13T18:41Z,https://a.espncdn.com/guid/eb44e2d5-8ec6-a4ff-87e6-0d0e65bb113e/logos/secondary_logo_black.png,4096.0,4096.0,,full,secondary_logo_black,2026-02-13T18:41Z,https://a.espncdn.com/guid/eb44e2d5-8ec6-a4ff-87e6-0d0e65bb113e/logos/secondary_logo_white.png,4096.0,4096.0,,full,secondary_logo_white,2026-02-13T18:41Z,http://sports.core.api.espn.com/v2/sports/basketball/leagues/womens-college-basketball/seasons/2026/teams/66/coaches?lang=en&region=us,LEFT,L,Left,,,,,,,,,
5174396,s:40~l:54~a:5174396,9d36aaaa-5f29-3fee-913e-ed53d9e89409,basketball,5174396,Lilly,Taulelei,Lilly Taulelei,Lilly Taulelei,L. Taulelei,75.0,"6' 3""",Wellington,,New Zealand,124,NZL,lilly-taulelei,https://a.espncdn.com/i/headshots/womens-college-basketball/players/full/5174396.png,Lilly Taulelei,9.0,https://a.espncdn.com/i/teamlogos/countries/500/nzl.png,New Zealand,country-flag,1,Center,Center,C,True,True,3,Junior,JR,True,1,Active,active,Active,1,2,4,0,0.22222222,0.11111111,0.44444445,0,0,5,-1,0,0,11,59,6.5555553,0,-1,1.2222222,0.5555556,0.0,0.0,0.0,0.0,1.25,0.8,0.2,0,11,0,1.0,9,0,0,0,5,0.6,20,12,60.0000023841858,0.833333,83.3333313465118,6,5,9,29,4,1,0,4,-1,0,0,1.3333334,2.2222223,0.0,0.11111111,0.5555556,0.6666667,3.2222223,1.0,0.5555556,0.44444445,1.125,17.4,1.9333333,1.6666667,0,0.444444447755814,0.0,12,19,1.3333334,2.1111112,63.1578922271729,0.6,1.45,http://sports.core.api.espn.com/v2/sports/basketball/leagues/womens-college-basketball/seasons/2026/teams/66?lang=en&region=us,66,eb44e2d5-8ec6-a4ff-87e6-0d0e65bb113e,s:40~l:54~t:66,6248,iowa-state-cyclones,Iowa State,Cyclones,Iowa State,ISU,Iowa State Cyclones,Iowa State,ae192d,ffc72a,True,False,https://a.espncdn.com/i/teamlogos/ncaa/500/66.png,https://a.espncdn.com/i/teamlogos/ncaa/500-dark/66.png,https://a.espncdn.com/guid/eb44e2d5-8ec6-a4ff-87e6-0d0e65bb113e/logos/primary_logo_on_white_color.png,4096.0,4096.0,,full,primary_logo_on_white_color,2026-02-13T18:41Z,https://a.espncdn.com/guid/eb44e2d5-8ec6-a4ff-87e6-0d0e65bb113e/logos/primary_logo_on_black_color.png,4096.0,4096.0,,full,primary_logo_on_black_color,2026-02-13T18:41Z,https://a.espncdn.com/guid/eb44e2d5-8ec6-a4ff-87e6-0d0e65bb113e/logos/primary_logo_on_primary_color.png,4096.0,4096.0,,full,primary_logo_on_primary_color,2026-02-13T18:41Z,https://a.espncdn.com/guid/eb44e2d5-8ec6-a4ff-87e6-0d0e65bb113e/logos/primary_logo_on_secondary_color.png,4096.0,4096.0,,full,primary_logo_on_secondary_color,2026-02-13T18:41Z,https://a.espncdn.com/guid/eb44e2d5-8ec6-a4ff-87e6-0d0e65bb113e/logos/primary_logo_black.png,4096.0,4096.0,,full,primary_logo_black,2026-02-13T18:41Z,https://a.espncdn.com/guid/eb44e2d5-8ec6-a4ff-87e6-0d0e65bb113e/logos/primary_logo_white.png,4096.0,4096.0,,full,primary_logo_white,2026-02-13T18:41Z,https://a.espncdn.com/guid/eb44e2d5-8ec6-a4ff-87e6-0d0e65bb113e/logos/secondary_logo_on_white_color.png,4096.0,4096.0,,full,secondary_logo_on_white_color,2026-02-13T18:41Z,https://a.espncdn.com/guid/eb44e2d5-8ec6-a4ff-87e6-0d0e65bb113e/logos/secondary_logo_on_black_color.png,4096.0,4096.0,,full,secondary_logo_on_black_color,2026-02-13T18:41Z,https://a.espncdn.com/guid/eb44e2d5-8ec6-a4ff-87e6-0d0e65bb113e/logos/secondary_logo_on_primary_color.png,4096.0,4096.0,,full,secondary_logo_on_primary_color,2026-02-13T18:41Z,https://a.espncdn.com/guid/eb44e2d5-8ec6-a4ff-87e6-0d0e65bb113e/logos/secondary_logo_on_secondary_color.png,4096.0,4096.0,,full,secondary_logo_on_secondary_color,2026-02-13T18:41Z,https://a.espncdn.com/guid/eb44e2d5-8ec6-a4ff-87e6-0d0e65bb113e/logos/secondary_logo_black.png,4096.0,4096.0,,full,secondary_logo_black,2026-02-13T18:41Z,https://a.espncdn.com/guid/eb44e2d5-8ec6-a4ff-87e6-0d0e65bb113e/logos/secondary_logo_white.png,4096.0,4096.0,,full,secondary_logo_white,2026-02-13T18:41Z,http://sports.core.api.espn.com/v2/sports/basketball/leagues/womens-college-basketball/seasons/2026/teams/66/coaches?lang=en&region=us,,,,,,,,,,,,
5239462,s:40~l:54~a:5239462,1b991a1e-14aa-3c4d-a885-c88cdd915398,basketball,5239462,Aili,Tanke,Aili Tanke,Aili Tanke,A. Tanke,71.0,"5' 11""",Johnston,IA,USA,1,USA,aili-tanke,https://a.espncdn.com/i/headshots/womens-college-basketball/players/full/5239462.png,Aili Tanke,32.0,https://a.espncdn.com/i/teamlogos/countries/500/usa.png,USA,country-flag,3,Guard,Guard,G,True,True,2,Sophomore,SO,True,1,Active,active,Active,0,8,0,0,1.1428572,0.0,0.0,0,0,2,-1,0,0,11,39,5.571429,0,-1,1.5714285,0.2857143,0.0,0.0,0.0,0.0,1.0,0.0,0.0,0,11,0,0.0,7,0,0,0,2,0.25,8,2,25.0,0.0,0.0,0,0,3,5,2,5,1,2,-1,0,0,0.2857143,1.1428572,0.14285715,0.71428573,0.0,0.0,0.71428573,0.42857143,0.2857143,0.2857143,0.5,7.0,1.0,0.71428573,0,0.28571429848671,20.0000002980232,1,3,0.14285715,0.42857143,33.3333343267441,0.3125,0.625,http://sports.core.api.espn.com/v2/sports/basketball/leagues/womens-college-basketball/seasons/2026/teams/66?lang=en&region=us,66,eb44e2d5-8ec6-a4ff-87e6-0d0e65bb113e,s:40~l:54~t:66,6248,iowa-state-cyclones,Iowa State,Cyclones,Iowa State,ISU,Iowa State Cyclones,Iowa State,ae192d,ffc72a,True,False,https://a.espncdn.com/i/teamlogos/ncaa/500/66.png,https://a.espncdn.com/i/teamlogos/ncaa/500-dark/66.png,https://a.espncdn.com/guid/eb44e2d5-8ec6-a4ff-87e6-0d0e65bb113e/logos/primary_logo_on_white_color.png,4096.0,4096.0,,full,primary_logo_on_white_color,2026-02-13T18:41Z,https://a.espncdn.com/guid/eb44e2d5-8ec6-a4ff-87e6-0d0e65bb113e/logos/primary_logo_on_black_color.png,4096.0,4096.0,,full,primary_logo_on_black_color,2026-02-13T18:41Z,https://a.espncdn.com/guid/eb44e2d5-8ec6-a4ff-87e6-0d0e65bb113e/logos/primary_logo_on_primary_color.png,4096.0,4096.0,,full,primary_logo_on_primary_color,2026-02-13T18:41Z,https://a.espncdn.com/guid/eb44e2d5-8ec6-a4ff-87e6-0d0e65bb113e/logos/primary_logo_on_secondary_color.png,4096.0,4096.0,,full,primary_logo_on_secondary_color,2026-02-13T18:41Z,https://a.espncdn.com/guid/eb44e2d5-8ec6-a4ff-87e6-0d0e65bb113e/logos/primary_logo_black.png,4096.0,4096.0,,full,primary_logo_black,2026-02-13T18:41Z,https://a.espncdn.com/guid/eb44e2d5-8ec6-a4ff-87e6-0d0e65bb113e/logos/primary_logo_white.png,4096.0,4096.0,,full,primary_logo_white,2026-02-13T18:41Z,https://a.espncdn.com/guid/eb44e2d5-8ec6-a4ff-87e6-0d0e65bb113e/logos/secondary_logo_on_white_color.png,4096.0,4096.0,,full,secondary_logo_on_white_color,2026-02-13T18:41Z,https://a.espncdn.com/guid/eb44e2d5-8ec6-a4ff-87e6-0d0e65bb113e/logos/secondary_logo_on_black_color.png,4096.0,4096.0,,full,secondary_logo_on_black_color,2026-02-13T18:41Z,https://a.espncdn.com/guid/eb44e2d5-8ec6-a4ff-87e6-0d0e65bb113e/logos/secondary_logo_on_primary_color.png,4096.0,4096.0,,full,secondary_logo_on_primary_color,2026-02-13T18:41Z,https://a.espncdn.com/guid/eb44e2d5-8ec6-a4ff-87e6-0d0e65bb113e/logos/secondary_logo_on_secondary_color.png,4096.0,4096.0,,full,secondary_logo_on_secondary_color,2026-02-13T18:41Z,https://a.espncdn.com/guid/eb44e2d5-8ec6-a4ff-87e6-0d0e65bb113e/logos/secondary_logo_black.png,4096.0,4096.0,,full,secondary_logo_black,2026-02-13T18:41Z,https://a.espncdn.com/guid/eb44e2d5-8ec6-a4ff-87e6-0d0e65bb113e/logos/secondary_logo_white.png,4096.0,4096.0,,full,secondary_logo_white,2026-02-13T18:41Z,http://sports.core.api.espn.com/v2/sports/basketball/leagues/womens-college-basketball/seasons/2026/teams/66/coaches?lang=en&region=us,,,,,,,,,,,,
5239461,s:40~l:54~a:5239461,138a909a-5b8c-3763-a9f6-948b92710d53,basketball,5239461,Reagan,Wilson,Reagan Wilson,Reagan Wilson,R. Wilson,68.0,"5' 8""",Noblesville,IN,USA,1,USA,reagan-wilson,https://a.espncdn.com/i/headshots/womens-college-basketball/players/full/5239461.png,Reagan Wilson,22.0,https://a.espncdn.com/i/teamlogos/countries/500/usa.png,USA,country-flag,3,Guard,Guard,G,True,True,2,Sophomore,SO,True,1,Active,active,Active,0,7,5,0,0.7777778,0.0,0.5555556,0,0,6,-1,0,0,9,88,9.777778,0,-1,1.0,0.6666667,0.0,0.0,0.0,0.0,5.5,0.8333333,0.0,0,9,0,2.5,9,0,0,0,11,0.52,25,13,51.9999980926514,0.75,75.0,4,3,2,37,2,18,8,2,-1,0,0,1.4444444,2.7777777,0.8888889,2.0,0.33333334,0.44444445,4.111111,0.22222222,1.2222222,0.22222222,0.16666667,26.6,2.9555557,1.3909774,0,0.222222223877907,44.4444447755814,5,7,0.5555556,0.7777778,71.4285731315613,0.68,1.48,http://sports.core.api.espn.com/v2/sports/basketball/leagues/womens-college-basketball/seasons/2026/teams/66?lang=en&region=us,66,eb44e2d5-8ec6-a4ff-87e6-0d0e65bb113e,s:40~l:54~t:66,6248,iowa-state-cyclones,Iowa State,Cyclones,Iowa State,ISU,Iowa State Cyclones,Iowa State,ae192d,ffc72a,True,False,https://a.espncdn.com/i/teamlogos/ncaa/500/66.png,https://a.espncdn.com/i/teamlogos/ncaa/500-dark/66.png,https://a.espncdn.com/guid/eb44e2d5-8ec6-a4ff-87e6-0d0e65bb113e/logos/primary_logo_on_white_color.png,4096.0,4096.0,,full,primary_logo_on_white_color,2026-02-13T18:41Z,https://a.espncdn.com/guid/eb44e2d5-8ec6-a4ff-87e6-0d0e65bb113e/logos/primary_logo_on_black_color.png,4096.0,4096.0,,full,primary_logo_on_black_color,2026-02-13T18:41Z,https://a.espncdn.com/guid/eb44e2d5-8ec6-a4ff-87e6-0d0e65bb113e/logos/primary_logo_on_primary_color.png,4096.0,4096.0,,full,primary_logo_on_primary_color,2026-02-13T18:41Z,https://a.espncdn.com/guid/eb44e2d5-8ec6-a4ff-87e6-0d0e65bb113e/logos/primary_logo_on_secondary_color.png,4096.0,4096.0,,full,primary_logo_on_secondary_color,2026-02-13T18:41Z,https://a.espncdn.com/guid/eb44e2d5-8ec6-a4ff-87e6-0d0e65bb113e/logos/primary_logo_black.png,4096.0,4096.0,,full,primary_logo_black,2026-02-13T18:41Z,https://a.espncdn.com/guid/eb44e2d5-8ec6-a4ff-87e6-0d0e65bb113e/logos/primary_logo_white.png,4096.0,4096.0,,full,primary_logo_white,2026-02-13T18:41Z,https://a.espncdn.com/guid/eb44e2d5-8ec6-a4ff-87e6-0d0e65bb113e/logos/secondary_logo_on_white_color.png,4096.0,4096.0,,full,secondary_logo_on_white_color,2026-02-13T18:41Z,https://a.espncdn.com/guid/eb44e2d5-8ec6-a4ff-87e6-0d0e65bb113e/logos/secondary_logo_on_black_color.png,4096.0,4096.0,,full,secondary_logo_on_black_color,2026-02-13T18:41Z,https://a.espncdn.com/guid/eb44e2d5-8ec6-a4ff-87e6-0d0e65bb113e/logos/secondary_logo_on_primary_color.png,4096.0,4096.0,,full,secondary_logo_on_primary_color,2026-02-13T18:41Z,https://a.espncdn.com/guid/eb44e2d5-8ec6-a4ff-87e6-0d0e65bb113e/logos/secondary_logo_on_secondary_color.png,4096.0,4096.0,,full,secondary_logo_on_secondary_color,2026-02-13T18:41Z,https://a.espncdn.com/guid/eb44e2d5-8ec6-a4ff-87e6-0d0e65bb113e/logos/secondary_logo_black.png,4096.0,4096.0,,full,secondary_logo_black,2026-02-13T18:41Z,https://a.espncdn.com/guid/eb44e2d5-8ec6-a4ff-87e6-0d0e65bb113e/logos/secondary_logo_white.png,4096.0,4096.0,,full,secondary_logo_white,2026-02-13T18:41Z,http://sports.core.api.espn.com/v2/sports/basketball/leagues/womens-college-basketball/seasons/2026/teams/66/coaches?lang=en&region=us,,,,,,,,,,,,
5106187,s:40~l:54~a:5106187,b57b7a4b-0a1a-399b-a6d7-0dc1f5862924,basketball,5106187,Victoria,Rivera,Victoria Rivera,Victoria Rivera,V. Rivera,72.0,"6' 0""",Houston,TX,USA,1,USA,victoria-rivera,https://a.espncdn.com/i/headshots/womens-college-basketball/players/full/5106187.png,Victoria Rivera,3.0,https://a.espncdn.com/i/teamlogos/countries/500/usa.png,USA,country-flag,3,Guard,Guard,G,True,True,4,Senior,SR,True,1,Active,active,Active,0,9,5,0,1.5,0.0,0.8333333,0,0,11,-1,0,0,15,113,18.833334,0,-1,2.5,1.8333334,0.0,0.0,0.0,0.0,0.2857143,0.45454547,0.0,0,15,0,0.71428573,6,6,0,0,2,0.52381,42,22,52.3809552192688,1.0,100.0,7,7,6,65,7,24,14,7,-1,0,0,3.6666667,7.0,2.3333333,4.0,1.1666666,1.1666666,10.833333,1.0,0.33333334,1.1666666,0.3,45.8,7.633333,1.419214,0,1.16666662693024,58.3333313465118,8,18,1.3333334,3.0,44.4444447755814,0.6904762,1.5476191,http://sports.core.api.espn.com/v2/sports/basketball/leagues/womens-college-basketball/seasons/2026/teams/46?lang=en&region=us,46,9e2f0dba-1a0e-5776-56ab-d64e05c8a150,s:40~l:54~t:46,6089,georgetown-hoyas,Georgetown,Hoyas,Georgetown,GTWN,Georgetown Hoyas,Georgetown,110E42,001c58,True,False,https://a.espncdn.com/i/teamlogos/ncaa/500/46.png,https://a.espncdn.com/i/teamlogos/ncaa/500-dark/46.png,https://a.espncdn.com/guid/9e2f0dba-1a0e-5776-56ab-d64e05c8a150/logos/primary_logo_on_white_color.png,4096.0,4096.0,,full,primary_logo_on_white_color,2026-02-13T18:40Z,https://a.espncdn.com/guid/9e2f0dba-1a0e-5776-56ab-d64e05c8a150/logos/primary_logo_on_black_color.png,4096.0,4096.0,,full,primary_logo_on_black_color,2026-02-13T18:40Z,https://a.espncdn.com/guid/9e2f0dba-1a0e-5776-56ab-d64e05c8a150/logos/primary_logo_on_primary_color.png,4096.0,4096.0,,full,primary_logo_on_primary_color,2026-02-13T18:40Z,https://a.espncdn.com/guid/9e2f0dba-1a0e-5776-56ab-d64e05c8a150/logos/primary_logo_on_secondary_color.png,4096.0,4096.0,,full,primary_logo_on_secondary_color,2026-02-13T18:40Z,https://a.espncdn.com/guid/9e2f0dba-1a0e-5776-56ab-d64e05c8a150/logos/primary_logo_black.png,4096.0,4096.0,,full,primary_logo_black,2026-02-13T18:40Z,https://a.espncdn.com/guid/9e2f0dba-1a0e-5776-56ab-d64e05c8a150/logos/primary_logo_white.png,4096.0,4096.0,,full,primary_logo_white,2026-02-13T18:40Z,https://a.espncdn.com/guid/9e2f0dba-1a0e-5776-56ab-d64e05c8a150/logos/secondary_logo_on_white_color.png,4096.0,4096.0,,full,secondary_logo_on_white_color,2026-02-13T18:40Z,https://a.espncdn.com/guid/9e2f0dba-1a0e-5776-56ab-d64e05c8a150/logos/secondary_logo_on_black_color.png,4096.0,4096.0,,full,secondary_logo_on_black_color,2026-02-13T18:40Z,https://a.espncdn.com/guid/9e2f0dba-1a0e-5776-56ab-d64e05c8a150/logos/secondary_logo_on_primary_color.png,4096.0,4096.0,,full,secondary_logo_on_primary_color,2026-02-13T18:40Z,https://a.espncdn.com/guid/9e2f0dba-1a0e-5776-56ab-d64e05c8a150/logos/secondary_logo_on_secondary_color.png,4096.0,4096.0,,full,secondary_logo_on_secondary_color,2026-02-13T18:40Z,https://a.espncdn.com/guid/9e2f0dba-1a0e-5776-56ab-d64e05c8a150/logos/secondary_logo_black.png,4096.0,4096.0,,full,secondary_logo_black,2026-02-13T18:40Z,https://a.espncdn.com/guid/9e2f0dba-1a0e-5776-56ab-d64e05c8a150/logos/secondary_logo_white.png,4096.0,4096.0,,full,secondary_logo_white,2026-02-13T18:40Z,http://sports.core.api.espn.com/v2/sports/basketball/leagues/womens-college-basketball/seasons/2026/teams/46/coaches?lang=en&region=us,BOTH,B,Both,,,,,,,,,
5240173,s:40~l:54~a:5240173,7a48c345-2e8c-32ec-a2f5-3da276e56033,basketball,5240173,Faith,Wiseman,Faith Wiseman,Faith Wiseman,F. Wiseman,76.0,"6' 4""",Martinsville,IN,USA,1,USA,faith-wiseman,https://a.espncdn.com/i/headshots/womens-college-basketball/players/full/5240173.png,Faith Wiseman,31.0,https://a.espncdn.com/i/teamlogos/countries/500/usa.png,USA,country-flag,2,Forward,Forward,F,True,True,2,Sophomore,SO,True,1,Active,active,Active,1,5,1,0,0.8333333,0.16666667,0.16666667,0,0,9,-1,0,0,9,29,4.8333335,0,-1,1.5,1.5,0.0,0.0,0.0,0.0,0.33333334,0.11111111,0.11111111,0,9,0,0.33333334,6,0,0,0,1,0.166667,6,1,16.666667163372,0.5,50.0,2,1,4,3,3,0,0,3,-1,0,0,0.16666667,1.0,0.0,0.0,0.16666667,0.33333334,0.5,0.6666667,0.16666667,0.5,0.8,5.8,0.9666667,0.51724136,0,0.5,0.0,1,6,0.16666667,1.0,16.666667163372,0.16666667,0.5,http://sports.core.api.espn.com/v2/sports/basketball/leagues/womens-college-basketball/seasons/2026/teams/84?lang=en&region=us,84,3790dfa0-5341-3438-d2dc-983f831a045c,s:40~l:54~t:84,6222,indiana-hoosiers,Indiana,Hoosiers,Indiana,IU,Indiana Hoosiers,Indiana,970310,ffffff,True,False,https://a.espncdn.com/i/teamlogos/ncaa/500/84.png,https://a.espncdn.com/i/teamlogos/ncaa/500-dark/84.png,https://a.espncdn.com/guid/3790dfa0-5341-3438-d2dc-983f831a045c/logos/primary_logo_on_white_color.png,4096.0,4096.0,,full,primary_logo_on_white_color,2026-02-13T18:42Z,https://a.espncdn.com/guid/3790dfa0-5341-3438-d2dc-983f831a045c/logos/primary_logo_on_black_color.png,4096.0,4096.0,,full,primary_logo_on_black_color,2026-02-13T18:42Z,https://a.espncdn.com/guid/3790dfa0-5341-3438-d2dc-983f831a045c/logos/primary_logo_on_primary_color.png,4096.0,4096.0,,full,primary_logo_on_primary_color,2026-02-13T18:42Z,https://a.espncdn.com/guid/3790dfa0-5341-3438-d2dc-983f831a045c/logos/primary_logo_on_secondary_color.png,4096.0,4096.0,,full,primary_logo_on_secondary_color,2026-02-13T18:42Z,https://a.espncdn.com/guid/3790dfa0-5341-3438-d2dc-983f831a045c/logos/primary_logo_black.png,4096.0,4096.0,,full,primary_logo_black,2026-02-13T18:42Z,https://a.espncdn.com/guid/3790dfa0-5341-3438-d2dc-983f831a045c/logos/primary_logo_white.png,4096.0,4096.0,,full,primary_logo_white,2026-02-13T18:42Z,https://a.espncdn.com/guid/3790dfa0-5341-3438-d2dc-983f831a045c/logos/secondary_logo_on_white_color.png,4096.0,4096.0,,full,secondary_logo_on_white_color,2026-02-13T18:42Z,https://a.espncdn.com/guid/3790dfa0-5341-3438-d2dc-983f831a045c/logos/secondary_logo_on_black_color.png,4096.0,4096.0,,full,secondary_logo_on_black_color,2026-02-13T18:42Z,https://a.espncdn.com/guid/3790dfa0-5341-3438-d2dc-983f831a045c/logos/secondary_logo_on_primary_color.png,4096.0,4096.0,,full,secondary_logo_on_primary_color,2026-02-13T18:42Z,https://a.espncdn.com/guid/3790dfa0-5341-3438-d2dc-983f831a045c/logos/secondary_logo_on_secondary_color.png,4096.0,4096.0,,full,secondary_logo_on_secondary_color,2026-02-13T18:42Z,https://a.espncdn.com/guid/3790dfa0-5341-3438-d2dc-983f831a045c/logos/secondary_logo_black.png,4096.0,4096.0,,full,secondary_logo_black,2026-02-13T18:42Z,https://a.espncdn.com/guid/3790dfa0-5341-3438-d2dc-983f831a045c/logos/secondary_logo_white.png,4096.0,4096.0,,full,secondary_logo_white,2026-02-13T18:42Z,http://sports.core.api.espn.com/v2/sports/basketball/leagues/womens-college-basketball/seasons/2026/teams/84/coaches?lang=en&region=us,,,,,,,,,,,,
5239065,s:40~l:54~a:5239065,5890585d-6624-37d3-9023-625af3b796dc,basketball,5239065,Phoenix,Stotijn,Phoenix Stotijn,Phoenix Stotijn,P. Stotijn,69.0,"5' 9""",Amsterdam,,Netherlands,101,NED,phoenix-stotijn,https://a.espncdn.com/i/headshots/womens-college-basketball/players/full/5239065.png,Phoenix Stotijn,1.0,https://a.espncdn.com/i/teamlogos/countries/500/ned.png,Netherlands,country-flag,3,Guard,Guard,G,True,True,2,Sophomore,SO,True,1,Active,active,Active,2,9,1,0,1.0,0.22222222,0.11111111,0,0,19,-1,0,0,9,168,18.666666,0,-1,1.0,2.1111112,0.0,0.0,0.0,0.0,1.0,0.05263158,0.10526316,0,9,0,0.071428575,9,1,0,0,14,0.261905,42,11,26.1904776096344,0.6,60.0000023841858,5,3,0,27,14,17,2,14,-1,0,0,1.2222222,4.6666665,0.22222222,1.8888888,0.33333334,0.5555556,3.0,0.0,1.5555556,1.5555556,0.0,58.0,6.4444447,0.46551725,0,1.55555558204651,11.7647059261799,9,25,1.0,2.7777777,36.0000014305115,0.2857143,0.64285713,http://sports.core.api.espn.com/v2/sports/basketball/leagues/womens-college-basketball/seasons/2026/teams/84?lang=en&region=us,84,3790dfa0-5341-3438-d2dc-983f831a045c,s:40~l:54~t:84,6222,indiana-hoosiers,Indiana,Hoosiers,Indiana,IU,Indiana Hoosiers,Indiana,970310,ffffff,True,False,https://a.espncdn.com/i/teamlogos/ncaa/500/84.png,https://a.espncdn.com/i/teamlogos/ncaa/500-dark/84.png,https://a.espncdn.com/guid/3790dfa0-5341-3438-d2dc-983f831a045c/logos/primary_logo_on_white_color.png,4096.0,4096.0,,full,primary_logo_on_white_color,2026-02-13T18:42Z,https://a.espncdn.com/guid/3790dfa0-5341-3438-d2dc-983f831a045c/logos/primary_logo_on_black_color.png,4096.0,4096.0,,full,primary_logo_on_black_color,2026-02-13T18:42Z,https://a.espncdn.com/guid/3790dfa0-5341-3438-d2dc-983f831a045c/logos/primary_logo_on_primary_color.png,4096.0,4096.0,,full,primary_logo_on_primary_color,2026-02-13T18:42Z,https://a.espncdn.com/guid/3790dfa0-5341-3438-d2dc-983f831a045c/logos/primary_logo_on_secondary_color.png,4096.0,4096.0,,full,primary_logo_on_secondary_color,2026-02-13T18:42Z,https://a.espncdn.com/guid/3790dfa0-5341-3438-d2dc-983f831a045c/logos/primary_logo_black.png,4096.0,4096.0,,full,primary_logo_black,2026-02-13T18:42Z,https://a.espncdn.com/guid/3790dfa0-5341-3438-d2dc-983f831a045c/logos/primary_logo_white.png,4096.0,4096.0,,full,primary_logo_white,2026-02-13T18:42Z,https://a.espncdn.com/guid/3790dfa0-5341-3438-d2dc-983f831a045c/logos/secondary_logo_on_white_color.png,4096.0,4096.0,,full,secondary_logo_on_white_color,2026-02-13T18:42Z,https://a.espncdn.com/guid/3790dfa0-5341-3438-d2dc-983f831a045c/logos/secondary_logo_on_black_color.png,4096.0,4096.0,,full,secondary_logo_on_black_color,2026-02-13T18:42Z,https://a.espncdn.com/guid/3790dfa0-5341-3438-d2dc-983f831a045c/logos/secondary_logo_on_primary_color.png,4096.0,4096.0,,full,secondary_logo_on_primary_color,2026-02-13T18:42Z,https://a.espncdn.com/guid/3790dfa0-5341-3438-d2dc-983f831a045c/logos/secondary_logo_on_secondary_color.png,4096.0,4096.0,,full,secondary_logo_on_secondary_color,2026-02-13T18:42Z,https://a.espncdn.com/guid/3790dfa0-5341-3438-d2dc-983f831a045c/logos/secondary_logo_black.png,4096.0,4096.0,,full,secondary_logo_black,2026-02-13T18:42Z,https://a.espncdn.com/guid/3790dfa0-5341-3438-d2dc-983f831a045c/logos/secondary_logo_white.png,4096.0,4096.0,,full,secondary_logo_white,2026-02-13T18:42Z,http://sports.core.api.espn.com/v2/sports/basketball/leagues/womens-college-basketball/seasons/2026/teams/84/coaches?lang=en&region=us,LEFT,L,Left,,,,,,,,,
5107560,s:40~l:54~a:5107560,70340e47-c82a-3158-8945-5010573a9a7c,basketball,5107560,Tanyuel,Welch,Tanyuel Welch,Tanyuel Welch,T. Welch,70.0,"5' 10""",Indianapolis,IN,USA,1,USA,tanyuel-welch,https://a.espncdn.com/i/headshots/womens-college-basketball/players/full/5107560.png,Tanyuel Welch,11.0,https://a.espncdn.com/i/teamlogos/countries/500/usa.png,USA,country-flag,3,Guard,Guard,G,True,True,3,Junior,JR,True,1,Active,active,Active,1,8,3,0,1.3333334,0.16666667,0.5,0,0,6,-1,0,0,12,82,13.666667,0,-1,2.0,1.0,0.0,0.0,0.0,0.0,0.5,0.5,0.16666667,0,12,0,0.5,6,0,0,0,3,0.458333,24,11,45.8333343267441,0.333333,33.3333343267441,6,2,4,25,6,3,1,6,-1,0,0,1.8333334,4.0,0.16666667,0.5,0.33333334,1.0,4.1666665,0.6666667,0.5,1.0,0.30769232,28.4,4.733333,0.8802817,0,1.0,33.3333343267441,10,21,1.6666666,3.5,47.6190477609634,0.47916666,1.0416666,http://sports.core.api.espn.com/v2/sports/basketball/leagues/womens-college-basketball/seasons/2026/teams/12?lang=en&region=us,12,0a0aa697-691b-efc5-b91e-611217a256ba,s:40~l:54~t:12,5230,arizona-wildcats,Arizona,Wildcats,Arizona,ARIZ,Arizona Wildcats,Arizona,cc0033,003366,True,False,https://a.espncdn.com/i/teamlogos/ncaa/500/12.png,https://a.espncdn.com/i/teamlogos/ncaa/500-dark/12.png,https://a.espncdn.com/guid/0a0aa697-691b-efc5-b91e-611217a256ba/logos/primary_logo_on_white_color.png,4096.0,4096.0,,full,primary_logo_on_white_color,2026-02-13T18:01Z,https://a.espncdn.com/guid/0a0aa697-691b-efc5-b91e-611217a256ba/logos/primary_logo_on_black_color.png,4096.0,4096.0,,full,primary_logo_on_black_color,2026-02-13T18:01Z,https://a.espncdn.com/guid/0a0aa697-691b-efc5-b91e-611217a256ba/logos/primary_logo_on_primary_color.png,4096.0,4096.0,,full,primary_logo_on_primary_color,2026-02-13T18:01Z,https://a.espncdn.com/guid/0a0aa697-691b-efc5-b91e-611217a256ba/logos/primary_logo_on_secondary_color.png,4096.0,4096.0,,full,primary_logo_on_secondary_color,2026-02-13T18:01Z,https://a.espncdn.com/guid/0a0aa697-691b-efc5-b91e-611217a256ba/logos/primary_logo_black.png,4096.0,4096.0,,full,primary_logo_black,2026-02-13T18:01Z,https://a.espncdn.com/guid/0a0aa697-691b-efc5-b91e-611217a256ba/logos/primary_logo_white.png,4096.0,4096.0,,full,primary_logo_white,2026-02-13T18:01Z,https://a.espncdn.com/guid/0a0aa697-691b-efc5-b91e-611217a256ba/logos/secondary_logo_on_white_color.png,4096.0,4096.0,,full,secondary_logo_on_white_color,2026-02-13T18:01Z,https://a.espncdn.com/guid/0a0aa697-691b-efc5-b91e-611217a256ba/logos/secondary_logo_on_black_color.png,4096.0,4096.0,,full,secondary_logo_on_black_color,2026-02-13T18:01Z,https://a.espncdn.com/guid/0a0aa697-691b-efc5-b91e-611217a256ba/logos/secondary_logo_on_primary_color.png,4096.0,4096.0,,full,secondary_logo_on_primary_color,2026-02-13T18:01Z,https://a.espncdn.com/guid/0a0aa697-691b-efc5-b91e-611217a256ba/logos/secondary_logo_on_secondary_color.png,4096.0,4096.0,,full,secondary_logo_on_secondary_color,2026-02-13T18:01Z,https://a.espncdn.com/guid/0a0aa697-691b-efc5-b91e-611217a256ba/logos/secondary_logo_black.png,4096.0,4096.0,,full,secondary_logo_black,2026-02-13T18:01Z,https://a.espncdn.com/guid/0a0aa697-691b-efc5-b91e-611217a256ba/logos/secondary_logo_white.png,4096.0,4096.0,,full,secondary_logo_white,2026-02-13T18:01Z,http://sports.core.api.espn.com/v2/sports/basketball/leagues/womens-college-basketball/seasons/2026/teams/12/coaches?lang=en&region=us,,,,,,,,,,,,
5313644,s:40~l:54~a:5313644,1f0ff00c-7646-3983-b0f9-66b06eb2d6a3,basketball,5313644,Kylie,Torrence,Kylie Torrence,Kylie Torrence,K. Torrence,74.0,"6' 2""",High Point,NC,USA,1,USA,kylie-torrence,https://a.espncdn.com/i/headshots/womens-college-basketball/players/full/5313644.png,Kylie Torrence,10.0,https://a.espncdn.com/i/teamlogos/countries/500/usa.png,USA,country-flag,2,Forward,Forward,F,True,True,1,Freshman,FR,True,1,Active,active,Active,14,30,15,0,3.3333333,1.5555556,1.6666666,0,0,31,-1,0,0,56,229,25.444445,0,-1,6.2222223,3.4444444,0.0,0.0,0.0,0.0,0.5217391,0.48387095,0.4516129,0,56,0,0.65217394,9,9,1,0,12,0.40404,99,40,40.4040396213531,0.6,60.0000023841858,20,12,26,92,23,1,0,23,-1,0,0,4.4444447,11.0,0.0,0.11111111,1.3333334,2.2222223,10.222222,2.8888888,1.3333334,2.5555556,0.44067797,104.0,11.555555,0.88461536,0,2.55555558204651,0.0,40,98,4.4444447,10.888889,40.8163279294968,0.4040404,0.9292929,http://sports.core.api.espn.com/v2/sports/basketball/leagues/womens-college-basketball/seasons/2026/teams/2132?lang=en&region=us,2132,ea966644-edf6-8ae3-d79d-96d5dd0920d3,s:40~l:54~t:2132,5624,cincinnati-bearcats,Cincinnati,Bearcats,Cincinnati,CIN,Cincinnati Bearcats,Cincinnati,000000,e00122,True,False,https://a.espncdn.com/i/teamlogos/ncaa/500/2132.png,https://a.espncdn.com/i/teamlogos/ncaa/500-dark/2132.png,https://a.espncdn.com/guid/ea966644-edf6-8ae3-d79d-96d5dd0920d3/logos/primary_logo_on_white_color.png,4096.0,4096.0,,full,primary_logo_on_white_color,2026-02-13T18:07Z,https://a.espncdn.com/guid/ea966644-edf6-8ae3-d79d-96d5dd0920d3/logos/primary_logo_on_black_color.png,4096.0,4096.0,,full,primary_logo_on_black_color,2026-02-13T18:07Z,https://a.espncdn.com/guid/ea966644-edf6-8ae3-d79d-96d5dd0920d3/logos/primary_logo_on_primary_color.png,4096.0,4096.0,,full,primary_logo_on_primary_color,2026-02-13T18:07Z,https://a.espncdn.com/guid/ea966644-edf6-8ae3-d79d-96d5dd0920d3/logos/primary_logo_on_secondary_color.png,4096.0,4096.0,,full,primary_logo_on_secondary_color,2026-02-13T18:07Z,https://a.espncdn.com/guid/ea966644-edf6-8ae3-d79d-96d5dd0920d3/logos/primary_logo_black.png,4096.0,4096.0,,full,primary_logo_black,2026-02-13T18:07Z,https://a.espncdn.com/guid/ea966644-edf6-8ae3-d79d-96d5dd0920d3/logos/primary_logo_white.png,4096.0,4096.0,,full,primary_logo_white,2026-02-13T18:07Z,https://a.espncdn.com/guid/ea966644-edf6-8ae3-d79d-96d5dd0920d3/logos/secondary_logo_on_white_color.png,4096.0,4096.0,,full,secondary_logo_on_white_color,2026-02-13T18:07Z,https://a.espncdn.com/guid/ea966644-edf6-8ae3-d79d-96d5dd0920d3/logos/secondary_logo_on_black_color.png,4096.0,4096.0,,full,secondary_logo_on_black_color,2026-02-13T18:07Z,https://a.espncdn.com/guid/ea966644-edf6-8ae3-d79d-96d5dd0920d3/logos/secondary_logo_on_primary_color.png,4096.0,4096.0,,full,secondary_logo_on_primary_color,2026-02-13T18:07Z,https://a.espncdn.com/guid/ea966644-edf6-8ae3-d79d-96d5dd0920d3/logos/secondary_logo_on_secondary_color.png,4096.0,4096.0,,full,secondary_logo_on_secondary_color,2026-02-13T18:07Z,https://a.espncdn.com/guid/ea966644-edf6-8ae3-d79d-96d5dd0920d3/logos/secondary_logo_black.png,4096.0,4096.0,,full,secondary_logo_black,2026-02-13T18:07Z,https://a.espncdn.com/guid/ea966644-edf6-8ae3-d79d-96d5dd0920d3/logos/secondary_logo_white.png,4096.0,4096.0,,full,secondary_logo_white,2026-02-13T18:07Z,http://sports.core.api.espn.com/v2/sports/basketball/leagues/womens-college-basketball/seasons/2026/teams/2132/coaches?lang=en&region=us,,,,,,,,,,,,
5175483,s:40~l:54~a:5175483,3632a500-0349-34d6-a731-f343af2ce643,basketball,5175483,Ramiyah,Byrd,Ramiyah Byrd,Ramiyah Byrd,R. Byrd,71.0,"5' 11""",Colorado Springs,CO,USA,1,USA,ramiyah-byrd,https://a.espncdn.com/i/headshots/womens-college-basketball/players/full/5175483.png,Ramiyah Byrd,14.0,https://a.espncdn.com/i/teamlogos/countries/500/usa.png,USA,country-flag,2,Forward,Forward,F,True,True,2,Sophomore,SO,True,1,Active,active,Active,4,26,8,0,3.25,0.5,1.0,0,1,12,-1,0,0,45,148,18.5,0,-1,5.625,1.5,0.125,0.0,0.0,0.0,0.9,0.6666667,0.33333334,0,45,0,0.8,8,0,1,0,9,0.5,22,11,50.0,0.428571,42.8571432828903,7,3,19,25,10,0,0,10,-1,0,0,1.375,2.75,0.0,0.0,0.375,0.875,3.125,2.375,1.125,1.25,1.7272727,15.8,1.975,1.5822785,0,1.25,0.0,11,22,1.375,2.75,50.0,0.5,1.1363636,http://sports.core.api.espn.com/v2/sports/basketball/leagues/womens-college-basketball/seasons/2026/teams/2132?lang=en&region=us,2132,ea966644-edf6-8ae3-d79d-96d5dd0920d3,s:40~l:54~t:2132,5624,cincinnati-bearcats,Cincinnati,Bearcats,Cincinnati,CIN,Cincinnati Bearcats,Cincinnati,000000,e00122,True,False,https://a.espncdn.com/i/teamlogos/ncaa/500/2132.png,https://a.espncdn.com/i/teamlogos/ncaa/500-dark/2132.png,https://a.espncdn.com/guid/ea966644-edf6-8ae3-d79d-96d5dd0920d3/logos/primary_logo_on_white_color.png,4096.0,4096.0,,full,primary_logo_on_white_color,2026-02-13T18:07Z,https://a.espncdn.com/guid/ea966644-edf6-8ae3-d79d-96d5dd0920d3/logos/primary_logo_on_black_color.png,4096.0,4096.0,,full,primary_logo_on_black_color,2026-02-13T18:07Z,https://a.espncdn.com/guid/ea966644-edf6-8ae3-d79d-96d5dd0920d3/logos/primary_logo_on_primary_color.png,4096.0,4096.0,,full,primary_logo_on_primary_color,2026-02-13T18:07Z,https://a.espncdn.com/guid/ea966644-edf6-8ae3-d79d-96d5dd0920d3/logos/primary_logo_on_secondary_color.png,4096.0,4096.0,,full,primary_logo_on_secondary_color,2026-02-13T18:07Z,https://a.espncdn.com/guid/ea966644-edf6-8ae3-d79d-96d5dd0920d3/logos/primary_logo_black.png,4096.0,4096.0,,full,primary_logo_black,2026-02-13T18:07Z,https://a.espncdn.com/guid/ea966644-edf6-8ae3-d79d-96d5dd0920d3/logos/primary_logo_white.png,4096.0,4096.0,,full,primary_logo_white,2026-02-13T18:07Z,https://a.espncdn.com/guid/ea966644-edf6-8ae3-d79d-96d5dd0920d3/logos/secondary_logo_on_white_color.png,4096.0,4096.0,,full,secondary_logo_on_white_color,2026-02-13T18:07Z,https://a.espncdn.com/guid/ea966644-edf6-8ae3-d79d-96d5dd0920d3/logos/secondary_logo_on_black_color.png,4096.0,4096.0,,full,secondary_logo_on_black_color,2026-02-13T18:07Z,https://a.espncdn.com/guid/ea966644-edf6-8ae3-d79d-96d5dd0920d3/logos/secondary_logo_on_primary_color.png,4096.0,4096.0,,full,secondary_logo_on_primary_color,2026-02-13T18:07Z,https://a.espncdn.com/guid/ea966644-edf6-8ae3-d79d-96d5dd0920d3/logos/secondary_logo_on_secondary_color.png,4096.0,4096.0,,full,secondary_logo_on_secondary_color,2026-02-13T18:07Z,https://a.espncdn.com/guid/ea966644-edf6-8ae3-d79d-96d5dd0920d3/logos/secondary_logo_black.png,4096.0,4096.0,,full,secondary_logo_black,2026-02-13T18:07Z,https://a.espncdn.com/guid/ea966644-edf6-8ae3-d79d-96d5dd0920d3/logos/secondary_logo_white.png,4096.0,4096.0,,full,secondary_logo_white,2026-02-13T18:07Z,http://sports.core.api.espn.com/v2/sports/basketball/leagues/womens-college-basketball/seasons/2026/teams/2132/coaches?lang=en&region=us,,,,,,,,,,,,
5108671,s:40~l:54~a:5108671,0c9cef8e-f2f2-3b40-87f8-c233cd2bba2d,basketball,5108671,Jada,Williams,Jada Williams,Jada Williams,J. Williams,70.0,"5' 10""",Mason City,IA,USA,1,USA,jada-williams,https://a.espncdn.com/i/headshots/womens-college-basketball/players/full/5108671.png,Jada Williams,2.0,https://a.espncdn.com/i/teamlogos/countries/500/usa.png,USA,country-flag,3,Guard,Guard,G,True,True,3,Junior,JR,True,1,Active,active,Active,2,21,5,0,2.3333333,0.22222222,0.5555556,0,0,18,-1,0,0,26,215,23.88889,0,-1,2.8888888,2.0,0.0,0.0,0.0,0.0,1.2222222,0.2777778,0.11111111,0,26,0,0.5555556,9,8,0,0,11,0.309524,42,13,30.9523820877075,0.611111,61.1111104488373,18,11,5,40,9,12,3,9,-1,0,0,1.4444444,4.6666665,0.33333334,1.3333334,1.2222222,2.0,4.4444447,0.5555556,1.2222222,1.0,0.1724138,53.2,5.9111114,0.7518797,0,1.0,25.0,10,30,1.1111112,3.3333333,33.3333343267441,0.3452381,0.95238096,http://sports.core.api.espn.com/v2/sports/basketball/leagues/womens-college-basketball/seasons/2026/teams/270?lang=en&region=us,270,bc5e105c-4a4c-a038-833b-2a769e5332e3,s:40~l:54~t:270,8022,milwaukee-panthers,Milwaukee,Panthers,Milwaukee,MILW,Milwaukee Panthers,Milwaukee,000000,ffc20e,True,False,https://a.espncdn.com/i/teamlogos/ncaa/500/270.png,https://a.espncdn.com/i/teamlogos/ncaa/500-dark/270.png,https://a.espncdn.com/guid/bc5e105c-4a4c-a038-833b-2a769e5332e3/logos/primary_logo_on_white_color.png,4096.0,4096.0,,full,primary_logo_on_white_color,2026-02-13T18:25Z,https://a.espncdn.com/guid/bc5e105c-4a4c-a038-833b-2a769e5332e3/logos/primary_logo_on_black_color.png,4096.0,4096.0,,full,primary_logo_on_black_color,2026-02-13T18:25Z,https://a.espncdn.com/guid/bc5e105c-4a4c-a038-833b-2a769e5332e3/logos/primary_logo_on_primary_color.png,4096.0,4096.0,,full,primary_logo_on_primary_color,2026-02-13T18:25Z,https://a.espncdn.com/guid/bc5e105c-4a4c-a038-833b-2a769e5332e3/logos/primary_logo_on_secondary_color.png,4096.0,4096.0,,full,primary_logo_on_secondary_color,2026-02-13T18:25Z,https://a.espncdn.com/guid/bc5e105c-4a4c-a038-833b-2a769e5332e3/logos/primary_logo_black.png,4096.0,4096.0,,full,primary_logo_black,2026-02-13T18:25Z,https://a.espncdn.com/guid/bc5e105c-4a4c-a038-833b-2a769e5332e3/logos/primary_logo_white.png,4096.0,4096.0,,full,primary_logo_white,2026-02-13T18:25Z,https://a.espncdn.com/guid/bc5e105c-4a4c-a038-833b-2a769e5332e3/logos/secondary_logo_on_white_color.png,4096.0,4096.0,,full,secondary_logo_on_white_color,2026-02-13T18:25Z,https://a.espncdn.com/guid/bc5e105c-4a4c-a038-833b-2a769e5332e3/logos/secondary_logo_on_black_color.png,4096.0,4096.0,,full,secondary_logo_on_black_color,2026-02-13T18:25Z,https://a.espncdn.com/guid/bc5e105c-4a4c-a038-833b-2a769e5332e3/logos/secondary_logo_on_primary_color.png,4096.0,4096.0,,full,secondary_logo_on_primary_color,2026-02-13T18:25Z,https://a.espncdn.com/guid/bc5e105c-4a4c-a038-833b-2a769e5332e3/logos/secondary_logo_on_secondary_color.png,4096.0,4096.0,,full,secondary_logo_on_secondary_color,2026-02-13T18:25Z,https://a.espncdn.com/guid/bc5e105c-4a4c-a038-833b-2a769e5332e3/logos/secondary_logo_black.png,4096.0,4096.0,,full,secondary_logo_black,2026-02-13T18:25Z,https://a.espncdn.com/guid/bc5e105c-4a4c-a038-833b-2a769e5332e3/logos/secondary_logo_white.png,4096.0,4096.0,,full,secondary_logo_white,2026-02-13T18:25Z,http://sports.core.api.espn.com/v2/sports/basketball/leagues/womens-college-basketball/seasons/2026/teams/270/coaches?lang=en&region=us,RIGHT,R,Right,,,,,,,,,
5174337,s:40~l:54~a:5174337,4a8515e3-a174-349e-a0ba-dbe5c894bc34,basketball,5174337,Nene,Ndiaye,Nene Ndiaye,Nene Ndiaye,N. Ndiaye,73.0,"6' 1""",Saly,,Senegal,453,SEN,nene-ndiaye,https://a.espncdn.com/i/headshots/womens-college-basketball/players/full/5174337.png,Nene Ndiaye,10.0,https://a.espncdn.com/i/teamlogos/countries/500/sen.png,Senegal,country-flag,2,Forward,Forward,F,True,True,3,Junior,JR,True,1,Active,active,Active,3,36,18,0,4.0,0.33333334,2.0,0,0,23,-1,0,0,56,297,33.0,0,-1,6.2222223,2.5555556,0.0,0.0,0.0,0.0,0.5714286,0.7826087,0.13043478,0,56,0,0.64285713,9,9,1,0,16,0.522222,90,47,52.2222220897675,0.79661,79.6610176563263,59,47,20,152,28,25,11,28,-1,0,0,5.2222223,10.0,1.2222222,2.7777777,5.2222223,6.5555553,16.88889,2.2222223,1.7777778,3.1111112,0.4651163,121.6,13.511111,1.25,0,3.11111116409302,43.9999997615814,36,65,4.0,7.2222223,55.3846180438995,0.5833333,1.6888889,http://sports.core.api.espn.com/v2/sports/basketball/leagues/womens-college-basketball/seasons/2026/teams/164?lang=en&region=us,164,48c3f789-1394-ab9f-40a7-df70714c77c6,s:40~l:54~t:164,7237,rutgers-scarlet-knights,Rutgers,Scarlet Knights,Rutgers,RUTG,Rutgers Scarlet Knights,Rutgers,ce0e2d,ffffff,True,False,https://a.espncdn.com/i/teamlogos/ncaa/500/164.png,https://a.espncdn.com/i/teamlogos/ncaa/500-dark/164.png,https://a.espncdn.com/guid/48c3f789-1394-ab9f-40a7-df70714c77c6/logos/primary_logo_on_white_color.png,4096.0,4096.0,,full,primary_logo_on_white_color,2026-02-13T18:04Z,https://a.espncdn.com/guid/48c3f789-1394-ab9f-40a7-df70714c77c6/logos/primary_logo_on_black_color.png,4096.0,4096.0,,full,primary_logo_on_black_color,2026-02-13T18:04Z,https://a.espncdn.com/guid/48c3f789-1394-ab9f-40a7-df70714c77c6/logos/primary_logo_on_primary_color.png,4096.0,4096.0,,full,primary_logo_on_primary_color,2026-02-13T18:04Z,https://a.espncdn.com/guid/48c3f789-1394-ab9f-40a7-df70714c77c6/logos/primary_logo_on_secondary_color.png,4096.0,4096.0,,full,primary_logo_on_secondary_color,2026-02-13T18:04Z,https://a.espncdn.com/guid/48c3f789-1394-ab9f-40a7-df70714c77c6/logos/primary_logo_black.png,4096.0,4096.0,,full,primary_logo_black,2026-02-13T18:04Z,https://a.espncdn.com/guid/48c3f789-1394-ab9f-40a7-df70714c77c6/logos/primary_logo_white.png,4096.0,4096.0,,full,primary_logo_white,2026-02-13T18:04Z,https://a.espncdn.com/guid/48c3f789-1394-ab9f-40a7-df70714c77c6/logos/secondary_logo_on_white_color.png,4096.0,4096.0,,full,secondary_logo_on_white_color,2026-02-13T18:04Z,https://a.espncdn.com/guid/48c3f789-1394-ab9f-40a7-df70714c77c6/logos/secondary_logo_on_black_color.png,4096.0,4096.0,,full,secondary_logo_on_black_color,2026-02-13T18:04Z,https://a.espncdn.com/guid/48c3f789-1394-ab9f-40a7-df70714c77c6/logos/secondary_logo_on_primary_color.png,4096.0,4096.0,,full,secondary_logo_on_primary_color,2026-02-13T18:04Z,https://a.espncdn.com/guid/48c3f789-1394-ab9f-40a7-df70714c77c6/logos/secondary_logo_on_secondary_color.png,4096.0,4096.0,,full,secondary_logo_on_secondary_color,2026-02-13T18:04Z,https://a.espncdn.com/guid/48c3f789-1394-ab9f-40a7-df70714c77c6/logos/secondary_logo_black.png,4096.0,4096.0,,full,secondary_logo_black,2026-02-13T18:04Z,https://a.espncdn.com/guid/48c3f789-1394-ab9f-40a7-df70714c77c6/logos/secondary_logo_white.png,4096.0,4096.0,,full,secondary_logo_white,2026-02-13T18:04Z,http://sports.core.api.espn.com/v2/sports/basketball/leagues/womens-college-basketball/seasons/2026/teams/164/coaches?lang=en&region=us,,,,,,,,,,,,
4682755,s:40~l:54~a:4682755,d3e39673-3774-31b8-9ed2-5e97dade5536,basketball,4682755,Antonia,Bates,Antonia Bates,Antonia Bates,A. Bates,75.0,"6' 3""",Easton,PA,USA,1,USA,antonia-bates,https://a.espncdn.com/i/headshots/womens-college-basketball/players/full/4682755.png,Antonia Bates,4.0,https://a.espncdn.com/i/teamlogos/countries/500/usa.png,USA,country-flag,3,Guard,Guard,G,True,True,4,Senior,SR,True,1,Active,active,Active,4,35,9,0,3.8888888,0.44444445,1.0,0,0,20,-1,0,0,47,234,26.0,0,-1,5.2222223,2.2222223,0.0,0.0,0.0,0.0,2.0,0.45,0.2,0,47,0,0.9,9,0,0,0,20,0.458333,24,11,45.8333343267441,0.6,60.0000023841858,10,6,12,32,10,8,4,10,-1,0,0,1.2222222,2.6666667,0.44444445,0.8888889,0.6666667,1.1111112,3.5555556,1.3333334,2.2222223,1.1111112,0.9230769,26.0,2.8888888,1.2307693,0,1.11111116409302,50.0,7,16,0.7777778,1.7777778,43.75,0.5416667,1.3333334,http://sports.core.api.espn.com/v2/sports/basketball/leagues/womens-college-basketball/seasons/2026/teams/164?lang=en&region=us,164,48c3f789-1394-ab9f-40a7-df70714c77c6,s:40~l:54~t:164,7237,rutgers-scarlet-knights,Rutgers,Scarlet Knights,Rutgers,RUTG,Rutgers Scarlet Knights,Rutgers,ce0e2d,ffffff,True,False,https://a.espncdn.com/i/teamlogos/ncaa/500/164.png,https://a.espncdn.com/i/teamlogos/ncaa/500-dark/164.png,https://a.espncdn.com/guid/48c3f789-1394-ab9f-40a7-df70714c77c6/logos/primary_logo_on_white_color.png,4096.0,4096.0,,full,primary_logo_on_white_color,2026-02-13T18:04Z,https://a.espncdn.com/guid/48c3f789-1394-ab9f-40a7-df70714c77c6/logos/primary_logo_on_black_color.png,4096.0,4096.0,,full,primary_logo_on_black_color,2026-02-13T18:04Z,https://a.espncdn.com/guid/48c3f789-1394-ab9f-40a7-df70714c77c6/logos/primary_logo_on_primary_color.png,4096.0,4096.0,,full,primary_logo_on_primary_color,2026-02-13T18:04Z,https://a.espncdn.com/guid/48c3f789-1394-ab9f-40a7-df70714c77c6/logos/primary_logo_on_secondary_color.png,4096.0,4096.0,,full,primary_logo_on_secondary_color,2026-02-13T18:04Z,https://a.espncdn.com/guid/48c3f789-1394-ab9f-40a7-df70714c77c6/logos/primary_logo_black.png,4096.0,4096.0,,full,primary_logo_black,2026-02-13T18:04Z,https://a.espncdn.com/guid/48c3f789-1394-ab9f-40a7-df70714c77c6/logos/primary_logo_white.png,4096.0,4096.0,,full,primary_logo_white,2026-02-13T18:04Z,https://a.espncdn.com/guid/48c3f789-1394-ab9f-40a7-df70714c77c6/logos/secondary_logo_on_white_color.png,4096.0,4096.0,,full,secondary_logo_on_white_color,2026-02-13T18:04Z,https://a.espncdn.com/guid/48c3f789-1394-ab9f-40a7-df70714c77c6/logos/secondary_logo_on_black_color.png,4096.0,4096.0,,full,secondary_logo_on_black_color,2026-02-13T18:04Z,https://a.espncdn.com/guid/48c3f789-1394-ab9f-40a7-df70714c77c6/logos/secondary_logo_on_primary_color.png,4096.0,4096.0,,full,secondary_logo_on_primary_color,2026-02-13T18:04Z,https://a.espncdn.com/guid/48c3f789-1394-ab9f-40a7-df70714c77c6/logos/secondary_logo_on_secondary_color.png,4096.0,4096.0,,full,secondary_logo_on_secondary_color,2026-02-13T18:04Z,https://a.espncdn.com/guid/48c3f789-1394-ab9f-40a7-df70714c77c6/logos/secondary_logo_black.png,4096.0,4096.0,,full,secondary_logo_black,2026-02-13T18:04Z,https://a.espncdn.com/guid/48c3f789-1394-ab9f-40a7-df70714c77c6/logos/secondary_logo_white.png,4096.0,4096.0,,full,secondary_logo_white,2026-02-13T18:04Z,http://sports.core.api.espn.com/v2/sports/basketball/leagues/womens-college-basketball/seasons/2026/teams/164/coaches?lang=en&region=us,,,,,,,,,,,,
5174265,s:40~l:54~a:5174265,ea818d8f-6765-307b-949c-5c09de94f86c,basketball,5174265,Janae,Walker,Janae Walker,Janae Walker,J. Walker,75.0,"6' 3""",Tyrone,GA,USA,1,USA,janae-walker,https://a.espncdn.com/i/headshots/womens-college-basketball/players/full/5174265.png,Janae Walker,44.0,https://a.espncdn.com/i/teamlogos/countries/500/usa.png,USA,country-flag,2,Forward,Forward,F,True,True,3,Junior,JR,True,1,Active,active,Active,4,25,2,0,2.7777777,0.44444445,0.22222222,0,0,19,-1,0,0,37,169,18.777779,0,-1,4.111111,2.1111112,0.0,0.0,0.0,0.0,0.27272728,0.10526316,0.21052632,0,37,0,0.09090909,9,8,0,0,6,0.484848,33,16,48.4848499298096,0.47619,47.6190477609634,21,10,12,42,22,0,0,22,-1,0,0,1.7777778,3.6666667,0.0,0.0,1.1111112,2.3333333,4.6666665,1.3333334,0.6666667,2.4444444,0.7058824,51.4,5.711111,0.8171206,0,2.44444441795349,0.0,16,33,1.7777778,3.6666667,48.4848499298096,0.4848485,1.2727273,http://sports.core.api.espn.com/v2/sports/basketball/leagues/womens-college-basketball/seasons/2026/teams/164?lang=en&region=us,164,48c3f789-1394-ab9f-40a7-df70714c77c6,s:40~l:54~t:164,7237,rutgers-scarlet-knights,Rutgers,Scarlet Knights,Rutgers,RUTG,Rutgers Scarlet Knights,Rutgers,ce0e2d,ffffff,True,False,https://a.espncdn.com/i/teamlogos/ncaa/500/164.png,https://a.espncdn.com/i/teamlogos/ncaa/500-dark/164.png,https://a.espncdn.com/guid/48c3f789-1394-ab9f-40a7-df70714c77c6/logos/primary_logo_on_white_color.png,4096.0,4096.0,,full,primary_logo_on_white_color,2026-02-13T18:04Z,https://a.espncdn.com/guid/48c3f789-1394-ab9f-40a7-df70714c77c6/logos/primary_logo_on_black_color.png,4096.0,4096.0,,full,primary_logo_on_black_color,2026-02-13T18:04Z,https://a.espncdn.com/guid/48c3f789-1394-ab9f-40a7-df70714c77c6/logos/primary_logo_on_primary_color.png,4096.0,4096.0,,full,primary_logo_on_primary_color,2026-02-13T18:04Z,https://a.espncdn.com/guid/48c3f789-1394-ab9f-40a7-df70714c77c6/logos/primary_logo_on_secondary_color.png,4096.0,4096.0,,full,primary_logo_on_secondary_color,2026-02-13T18:04Z,https://a.espncdn.com/guid/48c3f789-1394-ab9f-40a7-df70714c77c6/logos/primary_logo_black.png,4096.0,4096.0,,full,primary_logo_black,2026-02-13T18:04Z,https://a.espncdn.com/guid/48c3f789-1394-ab9f-40a7-df70714c77c6/logos/primary_logo_white.png,4096.0,4096.0,,full,primary_logo_white,2026-02-13T18:04Z,https://a.espncdn.com/guid/48c3f789-1394-ab9f-40a7-df70714c77c6/logos/secondary_logo_on_white_color.png,4096.0,4096.0,,full,secondary_logo_on_white_color,2026-02-13T18:04Z,https://a.espncdn.com/guid/48c3f789-1394-ab9f-40a7-df70714c77c6/logos/secondary_logo_on_black_color.png,4096.0,4096.0,,full,secondary_logo_on_black_color,2026-02-13T18:04Z,https://a.espncdn.com/guid/48c3f789-1394-ab9f-40a7-df70714c77c6/logos/secondary_logo_on_primary_color.png,4096.0,4096.0,,full,secondary_logo_on_primary_color,2026-02-13T18:04Z,https://a.espncdn.com/guid/48c3f789-1394-ab9f-40a7-df70714c77c6/logos/secondary_logo_on_secondary_color.png,4096.0,4096.0,,full,secondary_logo_on_secondary_color,2026-02-13T18:04Z,https://a.espncdn.com/guid/48c3f789-1394-ab9f-40a7-df70714c77c6/logos/secondary_logo_black.png,4096.0,4096.0,,full,secondary_logo_black,2026-02-13T18:04Z,https://a.espncdn.com/guid/48c3f789-1394-ab9f-40a7-df70714c77c6/logos/secondary_logo_white.png,4096.0,4096.0,,full,secondary_logo_white,2026-02-13T18:04Z,http://sports.core.api.espn.com/v2/sports/basketball/leagues/womens-college-basketball/seasons/2026/teams/164/coaches?lang=en&region=us,,,,,,,,,,,,
5311741,s:40~l:54~a:5311741,f8b0e477-2ac6-3d71-a356-3c8e725f1cde,basketball,5311741,Makylah,Moore,Makylah Moore,Makylah Moore,M. Moore,72.0,"6' 0""",Brooklyn,NY,USA,1,USA,makylah-moore,https://a.espncdn.com/i/headshots/womens-college-basketball/players/full/5311741.png,Makylah Moore,3.0,https://a.espncdn.com/i/teamlogos/countries/500/usa.png,USA,country-flag,3,Guard,Guard,G,True,True,1,Freshman,FR,True,1,Active,active,Active,0,3,0,0,1.5,0.0,0.0,0,0,1,-1,0,0,5,13,6.5,0,-1,2.5,0.5,0.0,0.0,0.0,0.0,0.0,0.0,0.0,0,5,0,0.0,2,0,0,0,0,0.666667,3,2,66.6666686534882,0.4,40.0000005960464,5,2,2,6,1,1,0,1,-1,0,0,1.0,1.5,0.0,0.5,1.0,2.5,3.0,1.0,0.0,0.5,2.0,4.0,2.0,1.5,0,0.5,0.0,2,2,1.0,1.0,100.0,0.6666667,2.0,http://sports.core.api.espn.com/v2/sports/basketball/leagues/womens-college-basketball/seasons/2026/teams/164?lang=en&region=us,164,48c3f789-1394-ab9f-40a7-df70714c77c6,s:40~l:54~t:164,7237,rutgers-scarlet-knights,Rutgers,Scarlet Knights,Rutgers,RUTG,Rutgers Scarlet Knights,Rutgers,ce0e2d,ffffff,True,False,https://a.espncdn.com/i/teamlogos/ncaa/500/164.png,https://a.espncdn.com/i/teamlogos/ncaa/500-dark/164.png,https://a.espncdn.com/guid/48c3f789-1394-ab9f-40a7-df70714c77c6/logos/primary_logo_on_white_color.png,4096.0,4096.0,,full,primary_logo_on_white_color,2026-02-13T18:04Z,https://a.espncdn.com/guid/48c3f789-1394-ab9f-40a7-df70714c77c6/logos/primary_logo_on_black_color.png,4096.0,4096.0,,full,primary_logo_on_black_color,2026-02-13T18:04Z,https://a.espncdn.com/guid/48c3f789-1394-ab9f-40a7-df70714c77c6/logos/primary_logo_on_primary_color.png,4096.0,4096.0,,full,primary_logo_on_primary_color,2026-02-13T18:04Z,https://a.espncdn.com/guid/48c3f789-1394-ab9f-40a7-df70714c77c6/logos/primary_logo_on_secondary_color.png,4096.0,4096.0,,full,primary_logo_on_secondary_color,2026-02-13T18:04Z,https://a.espncdn.com/guid/48c3f789-1394-ab9f-40a7-df70714c77c6/logos/primary_logo_black.png,4096.0,4096.0,,full,primary_logo_black,2026-02-13T18:04Z,https://a.espncdn.com/guid/48c3f789-1394-ab9f-40a7-df70714c77c6/logos/primary_logo_white.png,4096.0,4096.0,,full,primary_logo_white,2026-02-13T18:04Z,https://a.espncdn.com/guid/48c3f789-1394-ab9f-40a7-df70714c77c6/logos/secondary_logo_on_white_color.png,4096.0,4096.0,,full,secondary_logo_on_white_color,2026-02-13T18:04Z,https://a.espncdn.com/guid/48c3f789-1394-ab9f-40a7-df70714c77c6/logos/secondary_logo_on_black_color.png,4096.0,4096.0,,full,secondary_logo_on_black_color,2026-02-13T18:04Z,https://a.espncdn.com/guid/48c3f789-1394-ab9f-40a7-df70714c77c6/logos/secondary_logo_on_primary_color.png,4096.0,4096.0,,full,secondary_logo_on_primary_color,2026-02-13T18:04Z,https://a.espncdn.com/guid/48c3f789-1394-ab9f-40a7-df70714c77c6/logos/secondary_logo_on_secondary_color.png,4096.0,4096.0,,full,secondary_logo_on_secondary_color,2026-02-13T18:04Z,https://a.espncdn.com/guid/48c3f789-1394-ab9f-40a7-df70714c77c6/logos/secondary_logo_black.png,4096.0,4096.0,,full,secondary_logo_black,2026-02-13T18:04Z,https://a.espncdn.com/guid/48c3f789-1394-ab9f-40a7-df70714c77c6/logos/secondary_logo_white.png,4096.0,4096.0,,full,secondary_logo_white,2026-02-13T18:04Z,http://sports.core.api.espn.com/v2/sports/basketball/leagues/womens-college-basketball/seasons/2026/teams/164/coaches?lang=en&region=us,BOTH,B,Both,,,,,,,,,
5177944,s:40~l:54~a:5177944,305049a7-08b2-3b00-b67a-23888cbfa07d,basketball,5177944,Yacine,Ndiaye,Yacine Ndiaye,Yacine Ndiaye,Y. Ndiaye,76.0,"6' 4""",Pout,,Senegal,453,SEN,yacine-ndiaye,https://a.espncdn.com/i/headshots/womens-college-basketball/players/full/5177944.png,Yacine Ndiaye,32.0,https://a.espncdn.com/i/teamlogos/countries/500/sen.png,Senegal,country-flag,2,Forward,Forward,F,True,True,3,Junior,JR,True,1,Active,active,Active,1,6,4,0,0.6666667,0.11111111,0.44444445,0,0,16,-1,0,0,12,78,8.666667,0,-1,1.3333334,1.7777778,0.0,0.0,0.0,0.0,0.33333334,0.25,0.0625,0,12,0,0.44444445,9,0,0,0,3,0.266667,15,4,26.6666680574417,0.166667,16.666667163372,6,1,6,9,9,1,0,9,-1,0,0,0.44444445,1.6666666,0.0,0.11111111,0.11111111,0.6666667,1.0,0.6666667,0.33333334,1.0,0.54545456,20.4,2.2666667,0.44117647,0,1.0,0.0,4,14,0.44444445,1.5555556,28.571429848671,0.26666668,0.6,http://sports.core.api.espn.com/v2/sports/basketball/leagues/womens-college-basketball/seasons/2026/teams/164?lang=en&region=us,164,48c3f789-1394-ab9f-40a7-df70714c77c6,s:40~l:54~t:164,7237,rutgers-scarlet-knights,Rutgers,Scarlet Knights,Rutgers,RUTG,Rutgers Scarlet Knights,Rutgers,ce0e2d,ffffff,True,False,https://a.espncdn.com/i/teamlogos/ncaa/500/164.png,https://a.espncdn.com/i/teamlogos/ncaa/500-dark/164.png,https://a.espncdn.com/guid/48c3f789-1394-ab9f-40a7-df70714c77c6/logos/primary_logo_on_white_color.png,4096.0,4096.0,,full,primary_logo_on_white_color,2026-02-13T18:04Z,https://a.espncdn.com/guid/48c3f789-1394-ab9f-40a7-df70714c77c6/logos/primary_logo_on_black_color.png,4096.0,4096.0,,full,primary_logo_on_black_color,2026-02-13T18:04Z,https://a.espncdn.com/guid/48c3f789-1394-ab9f-40a7-df70714c77c6/logos/primary_logo_on_primary_color.png,4096.0,4096.0,,full,primary_logo_on_primary_color,2026-02-13T18:04Z,https://a.espncdn.com/guid/48c3f789-1394-ab9f-40a7-df70714c77c6/logos/primary_logo_on_secondary_color.png,4096.0,4096.0,,full,primary_logo_on_secondary_color,2026-02-13T18:04Z,https://a.espncdn.com/guid/48c3f789-1394-ab9f-40a7-df70714c77c6/logos/primary_logo_black.png,4096.0,4096.0,,full,primary_logo_black,2026-02-13T18:04Z,https://a.espncdn.com/guid/48c3f789-1394-ab9f-40a7-df70714c77c6/logos/primary_logo_white.png,4096.0,4096.0,,full,primary_logo_white,2026-02-13T18:04Z,https://a.espncdn.com/guid/48c3f789-1394-ab9f-40a7-df70714c77c6/logos/secondary_logo_on_white_color.png,4096.0,4096.0,,full,secondary_logo_on_white_color,2026-02-13T18:04Z,https://a.espncdn.com/guid/48c3f789-1394-ab9f-40a7-df70714c77c6/logos/secondary_logo_on_black_color.png,4096.0,4096.0,,full,secondary_logo_on_black_color,2026-02-13T18:04Z,https://a.espncdn.com/guid/48c3f789-1394-ab9f-40a7-df70714c77c6/logos/secondary_logo_on_primary_color.png,4096.0,4096.0,,full,secondary_logo_on_primary_color,2026-02-13T18:04Z,https://a.espncdn.com/guid/48c3f789-1394-ab9f-40a7-df70714c77c6/logos/secondary_logo_on_secondary_color.png,4096.0,4096.0,,full,secondary_logo_on_secondary_color,2026-02-13T18:04Z,https://a.espncdn.com/guid/48c3f789-1394-ab9f-40a7-df70714c77c6/logos/secondary_logo_black.png,4096.0,4096.0,,full,secondary_logo_black,2026-02-13T18:04Z,https://a.espncdn.com/guid/48c3f789-1394-ab9f-40a7-df70714c77c6/logos/secondary_logo_white.png,4096.0,4096.0,,full,secondary_logo_white,2026-02-13T18:04Z,http://sports.core.api.espn.com/v2/sports/basketball/leagues/womens-college-basketball/seasons/2026/teams/164/coaches?lang=en&region=us,,,,,,,,,,,,
5246995,s:40~l:54~a:5246995,15ddfa10-689e-3506-8bd0-eaabad15f762,basketball,5246995,Amiya,Redus,Amiya Redus,Amiya Redus,A. Redus,69.0,"5' 9""",Tanner,AL,USA,1,USA,amiya-redus,,,12.0,https://a.espncdn.com/i/teamlogos/countries/500/usa.png,USA,country-flag,3,Guard,Guard,G,True,True,2,Sophomore,SO,True,1,Active,active,Active,0,1,2,0,1.0,0.0,2.0,0,0,2,-1,0,0,1,39,39.0,0,-1,1.0,2.0,0.0,0.0,0.0,0.0,0.5,1.0,0.0,0,1,0,1.0,1,1,0,0,1,0.315789,19,6,31.5789461135864,0.625,62.5,8,5,0,18,2,7,1,2,-1,0,0,6.0,19.0,1.0,7.0,5.0,8.0,18.0,0.0,1.0,2.0,0.0,24.2,24.2,0.74380165,0,2.0,14.2857149243355,5,12,5.0,12.0,41.6666656732559,0.34210527,0.94736844,,2560,39fcec5b-b609-ec42-a868-0f3914342101,s:40~l:54~t:2560,7325,shorter-hawks,Shorter,Hawks,Shorter,SHOU,Shorter Hawks,Shorter,000000,,False,,https://a.espncdn.com/i/teamlogos/ncaa/500/2560.png,https://a.espncdn.com/i/teamlogos/ncaa/500-dark/2560.png,,,,,,,,,,,,,,,,,,,,,,,,,,,,,,,,,,,,,,,,,,,,,,,,,,,,,,,,,,,,,,,,,,,,,,,,,,,,,,,,,,,,,,,,,,http://sports.core.api.espn.com/v2/sports/basketball/leagues/womens-college-basketball/seasons/2026/teams/2560?lang=en&region=us,False,,,,,,
